triage_pcaps\cryptolocker_210726-9l2446gt66.pcap,"(0, 0, 2, 0)",2,"(1, 0, 3, 1)",2,"(2, 1, 3, 3)",1,"(3, 1, 3, 4)",1,"(4, 1, 3, 5)",1,"(5, 1, 3, 5)",1,"(6, 1, 3, 6)",1,"(7, 1, 3, 7)",1,"(8, 2, 3, 8)",1,"(9, 3, 3, 9)",1,"(10, 3, 3, 10)",1,"(11, 4, 3, 11)",1,"(12, 5, 3, 12)",1,"(13, 6, 3, 13)",1,"(14, 7, 3, 14)",1,"(15, 8, 3, 15)",1,"(16, 9, 3, 16)",1,"(17, 10, 3, 17)",6,"(18, 10, 3, 20)",1,"(19, 11, 3, 21)",1,"(20, 11, 3, 22)",1,"(21, 12, 3, 23)",1,"(22, 13, 3, 24)",1,"(23, 14, 3, 25)",1,"(24, 15, 3, 26)",1,"(25, 16, 3, 27)",1,"(26, 17, 3, 28)",1,"(27, 17, 3, 29)",1,"(28, 18, 3, 30)",1,"(29, 19, 3, 31)",1,"(30, 19, 3, 32)",1,"(31, 19, 3, 33)",1,"(32, 19, 3, 34)",1,"(33, 20, 3, 35)",1,"(34, 21, 3, 36)",1,"(35, 22, 3, 37)",1,"(36, 23, 3, 38)",1,"(37, 24, 3, 39)",1,"(38, 25, 3, 40)",1,"(39, 25, 3, 41)",1,"(40, 26, 3, 42)",1,"(41, 26, 3, 43)",1,"(42, 26, 3, 44)",1,"(43, 27, 3, 45)",1,"(44, 28, 3, 46)",1,"(45, 29, 3, 47)",1,"(46, 30, 3, 48)",1,"(47, 31, 3, 49)",1,"(48, 32, 3, 50)",1,"(49, 33, 3, 51)",1,"(50, 34, 3, 52)",1,"(51, 35, 3, 53)",1,"(52, 36, 3, 54)",1,"(53, 37, 3, 55)",1,"(54, 38, 3, 56)",1,"(55, 39, 3, 57)",1,"(56, 40, 3, 58)",1,"(57, 41, 3, 59)",1,"(58, 41, 3, 60)",1,"(59, 41, 3, 61)",1,"(60, 42, 3, 61)",2,"(61, 43, 3, 63)",1,"(62, 44, 3, 64)",1,"(63, 45, 3, 65)",1,"(64, 46, 3, 66)",1,"(65, 47, 3, 67)",1,"(66, 48, 3, 68)",1,"(67, 49, 3, 68)",2,"(68, 50, 3, 69)",1,"(69, 51, 3, 70)",1,"(70, 52, 3, 71)",1,"(71, 53, 3, 72)",1,"(72, 54, 3, 73)",1,"(73, 54, 3, 74)",1,"(74, 55, 3, 75)",1,"(75, 56, 3, 75)",2,"(76, 57, 3, 77)",1,"(77, 58, 3, 78)",1,"(78, 58, 3, 79)",1,"(79, 59, 3, 80)",1,"(80, 60, 3, 81)",1,"(81, 61, 3, 82)",1,"(82, 62, 3, 82)",2,"(83, 63, 3, 84)",1,"(84, 64, 3, 85)",1,"(85, 64, 3, 86)",1,"(86, 65, 3, 87)",1,"(87, 66, 3, 88)",1,"(88, 67, 3, 89)",1,"(89, 68, 3, 89)",2,"(90, 69, 3, 91)",1,"(91, 69, 3, 92)",1,"(92, 70, 3, 93)",1,"(93, 71, 3, 94)",1,"(94, 72, 3, 95)",1,"(95, 73, 3, 96)"
triage_pcaps\cryptolocker_210726-nam11dt1j2.pcap,"(0, 0, 1, 0)",6,"(1, 1, 3, 2)",1,"(2, 2, 3, 3)",1,"(3, 3, 3, 4)",1,"(4, 3, 3, 5)",1,"(5, 3, 3, 6)",1,"(6, 4, 3, 7)",1,"(7, 4, 3, 8)",1,"(8, 5, 3, 9)",1,"(9, 6, 3, 10)",1,"(10, 7, 3, 11)",1,"(11, 8, 3, 12)",1,"(12, 8, 3, 13)",1,"(13, 8, 3, 14)",1,"(14, 9, 3, 15)",1,"(15, 10, 3, 16)",1,"(16, 10, 3, 17)",6,"(17, 11, 3, 20)",1,"(18, 12, 3, 21)",1,"(19, 13, 3, 22)",1,"(20, 14, 3, 23)",1,"(21, 14, 3, 24)",6,"(22, 14, 3, 26)",1,"(23, 15, 3, 27)",1,"(24, 16, 3, 28)",1,"(25, 17, 3, 29)",1,"(26, 18, 3, 30)",1,"(27, 19, 3, 31)",1,"(28, 20, 3, 32)",6,"(29, 20, 3, 34)",1,"(30, 21, 3, 35)",1,"(31, 21, 3, 36)",1,"(32, 22, 3, 37)",1,"(33, 23, 3, 38)",1,"(34, 24, 3, 39)",1,"(35, 25, 3, 40)",6,"(36, 26, 3, 42)",1,"(37, 27, 3, 43)",1,"(38, 27, 3, 44)",1,"(39, 28, 3, 45)",1,"(40, 29, 3, 46)",1,"(41, 30, 3, 47)",1,"(42, 31, 3, 48)",1,"(43, 32, 3, 49)",1,"(44, 33, 3, 50)",1,"(45, 34, 3, 51)",1,"(46, 35, 3, 52)",1,"(47, 36, 3, 53)",1,"(48, 37, 3, 54)",1,"(49, 37, 3, 55)",1,"(50, 38, 3, 56)",1,"(51, 39, 3, 57)",6,"(52, 40, 3, 59)",1,"(53, 41, 3, 60)",1,"(54, 42, 3, 61)"
triage_pcaps\cryptolocker_210726-s9azdqtzks.pcap,"(0, 0, 2, 0)",4,"(1, 1, 3, 2)",1,"(2, 2, 3, 3)",1,"(3, 3, 3, 4)",1,"(4, 3, 3, 5)",1,"(5, 4, 3, 6)",1,"(6, 5, 3, 7)",1,"(7, 5, 3, 8)",1,"(8, 6, 3, 9)",1,"(9, 7, 3, 10)",1,"(10, 8, 3, 11)",1,"(11, 9, 3, 12)",6,"(12, 10, 3, 15)",1,"(13, 11, 3, 15)",1,"(14, 12, 3, 17)",1,"(15, 13, 3, 18)",1,"(16, 14, 3, 19)",6,"(17, 15, 3, 21)",1,"(18, 16, 3, 22)",1,"(19, 17, 3, 23)",1,"(20, 18, 3, 24)",1,"(21, 19, 3, 25)",1,"(22, 20, 3, 26)",1,"(23, 21, 3, 27)",1,"(24, 22, 3, 28)",1,"(25, 23, 3, 29)",1,"(26, 23, 3, 30)",1,"(27, 24, 3, 31)",1,"(28, 25, 3, 32)",1,"(29, 26, 3, 33)",1,"(30, 27, 3, 34)",1,"(31, 28, 3, 35)",1,"(32, 29, 3, 36)",1,"(33, 30, 3, 37)",1,"(34, 31, 3, 38)",1,"(35, 31, 3, 39)",1,"(36, 32, 3, 40)",1,"(37, 33, 3, 41)",1,"(38, 34, 3, 42)",1,"(39, 35, 3, 43)",1,"(40, 36, 3, 44)",1,"(41, 37, 3, 45)",1,"(42, 38, 3, 46)",1,"(43, 39, 3, 47)",1,"(44, 39, 3, 48)",1,"(45, 40, 3, 49)",1,"(46, 41, 3, 50)",1,"(47, 42, 3, 51)",1,"(48, 43, 3, 52)",1,"(49, 43, 3, 53)",1,"(50, 44, 3, 54)",1,"(51, 45, 3, 55)",1,"(52, 46, 3, 56)",1,"(53, 47, 3, 57)",1,"(54, 48, 3, 58)",1,"(55, 48, 3, 59)",1,"(56, 49, 3, 60)",1,"(57, 50, 3, 61)",1,"(58, 50, 3, 62)",1,"(59, 51, 3, 63)",1,"(60, 52, 3, 63)",7,"(61, 53, 3, 66)",1,"(62, 53, 3, 67)",1,"(63, 54, 3, 68)",1,"(64, 55, 3, 69)",1,"(65, 56, 3, 70)",1,"(66, 57, 3, 70)",2,"(67, 58, 3, 72)",1,"(68, 59, 3, 73)",1,"(69, 60, 3, 74)",1,"(70, 61, 3, 75)",1,"(71, 62, 3, 76)",1,"(72, 63, 3, 77)",1,"(73, 64, 3, 77)",2,"(74, 65, 3, 79)",1,"(75, 66, 3, 80)",1,"(76, 67, 3, 81)",1,"(77, 68, 3, 82)",1,"(78, 68, 3, 83)"
triage_pcaps\cryptolocker_210916-y9eaaaech5.pcap,"(0, 0, 1, 0)",3,"(1, 1, 2, 2)",1,"(2, 2, 2, 3)",1,"(3, 3, 2, 4)",1,"(4, 4, 2, 4)",1,"(6, 6, 2, 5)",1,"(7, 7, 2, 6)",1,"(8, 8, 2, 7)",1,"(9, 9, 2, 8)",1,"(10, 10, 2, 9)",1,"(11, 11, 2, 10)",1,"(12, 12, 2, 11)",1,"(13, 13, 2, 12)",1,"(14, 14, 2, 13)",1,"(15, 15, 2, 14)",1,"(16, 16, 2, 15)",1,"(17, 16, 2, 16)",1,"(18, 17, 2, 17)",1,"(19, 18, 2, 18)",1,"(20, 19, 2, 19)",1,"(21, 20, 2, 20)",1,"(22, 21, 2, 21)",1,"(23, 21, 2, 22)",1,"(24, 22, 2, 23)",1,"(25, 23, 2, 24)",1,"(26, 24, 2, 25)",1,"(27, 25, 2, 26)",1,"(28, 26, 2, 27)",1,"(29, 27, 2, 28)",2,"(32, 30, 2, 29)",1,"(33, 31, 2, 30)",1,"(34, 31, 2, 31)",1,"(35, 32, 2, 32)",1,"(36, 32, 2, 33)",1,"(37, 33, 2, 34)",1,"(38, 34, 2, 35)",2,"(41, 37, 2, 36)",1,"(42, 38, 2, 37)",1,"(43, 39, 2, 38)",1,"(44, 40, 2, 39)",1,"(45, 41, 2, 40)",1,"(46, 42, 2, 41)",1,"(47, 42, 2, 42)",1,"(48, 42, 2, 43)",1,"(49, 43, 2, 44)",1,"(50, 43, 2, 45)",1,"(51, 44, 2, 46)",1,"(52, 45, 2, 46)",2,"(53, 46, 2, 48)",1,"(54, 47, 2, 49)",1,"(55, 48, 2, 50)",1,"(56, 49, 2, 51)",1,"(57, 49, 2, 52)",1,"(58, 49, 2, 53)",1,"(59, 50, 2, 53)",2,"(60, 51, 2, 55)",1,"(61, 51, 2, 56)",1,"(62, 52, 2, 57)",1,"(63, 53, 2, 58)",1,"(64, 54, 2, 59)",1,"(65, 55, 2, 60)",1,"(66, 55, 2, 60)",2,"(67, 56, 2, 62)",1,"(68, 57, 2, 63)",1,"(69, 57, 2, 64)",1,"(70, 58, 2, 65)",1,"(71, 59, 2, 66)",1,"(72, 60, 2, 67)",1,"(73, 61, 2, 67)",2,"(74, 61, 2, 69)",1,"(75, 62, 2, 70)",1,"(76, 63, 2, 71)",1,"(77, 64, 2, 72)",1,"(78, 65, 2, 73)",1,"(79, 66, 2, 74)",1,"(80, 67, 2, 74)",2,"(81, 68, 2, 76)",1,"(82, 69, 2, 77)",1,"(83, 70, 2, 78)",1,"(84, 71, 2, 79)",1,"(85, 72, 2, 80)",1,"(86, 73, 2, 81)",1,"(87, 74, 2, 81)",2,"(88, 75, 2, 83)",1,"(89, 76, 2, 84)",1,"(90, 77, 2, 85)",1,"(91, 78, 2, 86)",1,"(92, 79, 2, 87)",1,"(93, 79, 2, 88)",1,"(94, 80, 2, 88)",2,"(95, 81, 2, 90)",1,"(96, 82, 2, 91)",1,"(97, 83, 2, 92)",1,"(98, 84, 2, 93)",1,"(99, 85, 2, 94)",1,"(100, 86, 2, 95)",1,"(101, 87, 2, 95)",2,"(102, 88, 2, 97)",1,"(103, 89, 2, 98)",1,"(104, 90, 2, 99)",1,"(105, 91, 2, 100)",1,"(106, 92, 2, 101)",1,"(107, 93, 2, 102)",1,"(108, 94, 2, 102)",2,"(109, 95, 2, 104)",1,"(110, 96, 2, 105)",1,"(111, 97, 2, 106)",1,"(112, 98, 2, 107)",1,"(113, 98, 2, 108)",1,"(114, 98, 2, 109)",1,"(115, 99, 2, 109)",2,"(116, 100, 2, 111)",1,"(117, 101, 2, 112)",1,"(118, 102, 2, 113)",1,"(119, 103, 2, 114)",1,"(120, 104, 2, 115)",1,"(121, 105, 2, 116)",1,"(122, 105, 2, 116)",2,"(123, 106, 2, 118)",1,"(124, 106, 2, 119)",1,"(125, 107, 2, 120)",1,"(126, 108, 2, 121)",1,"(127, 109, 2, 122)",1,"(128, 110, 2, 123)",1,"(129, 110, 2, 123)",2,"(130, 111, 2, 125)",1,"(131, 111, 2, 126)",1,"(132, 112, 2, 127)",1,"(133, 113, 2, 128)",1,"(134, 114, 2, 129)",1,"(135, 115, 2, 130)",1,"(136, 116, 2, 130)",2,"(137, 117, 2, 132)",1,"(138, 118, 2, 133)",1,"(139, 119, 2, 134)",1,"(140, 120, 2, 135)",1,"(141, 121, 2, 136)",1,"(142, 122, 2, 137)",1,"(143, 123, 2, 137)",2,"(144, 124, 2, 139)",1,"(145, 124, 2, 140)",1,"(146, 125, 2, 141)",1,"(147, 125, 2, 142)",1,"(148, 126, 2, 143)",1,"(149, 127, 2, 144)",1,"(150, 128, 2, 144)",2,"(151, 129, 2, 146)",1,"(152, 130, 2, 147)",1,"(153, 131, 2, 148)",1,"(154, 131, 2, 149)",1,"(155, 132, 2, 150)",1,"(156, 133, 2, 151)",1,"(157, 133, 2, 151)",2,"(158, 134, 2, 153)",1,"(159, 135, 2, 154)",1,"(160, 136, 2, 155)",1,"(161, 137, 2, 156)",1,"(162, 138, 2, 157)",1,"(163, 139, 2, 158)",1,"(164, 139, 2, 158)",2,"(165, 140, 2, 160)",1,"(166, 141, 2, 161)",1,"(167, 142, 2, 162)",1,"(168, 143, 2, 163)",1,"(169, 143, 2, 164)",1,"(170, 144, 2, 165)",1,"(171, 145, 2, 165)",2,"(172, 146, 2, 167)",1,"(173, 147, 2, 168)",1,"(174, 148, 2, 169)",1,"(175, 149, 2, 170)",1,"(176, 150, 2, 171)",1,"(177, 151, 2, 172)",1,"(178, 152, 2, 172)",2,"(179, 153, 2, 174)",1,"(180, 154, 2, 175)",1,"(181, 155, 2, 176)",1,"(182, 156, 2, 177)",1,"(183, 157, 2, 178)",1,"(184, 157, 2, 179)",1,"(185, 158, 2, 179)",2,"(186, 158, 2, 181)",1,"(187, 159, 2, 182)",1,"(188, 160, 2, 183)",1,"(189, 161, 2, 184)",1,"(190, 162, 2, 185)",1,"(191, 162, 2, 186)",1,"(192, 162, 2, 186)",2,"(193, 163, 2, 188)",1,"(194, 164, 2, 189)",1,"(195, 165, 2, 190)",1,"(196, 166, 2, 191)",1,"(197, 167, 2, 192)",1,"(198, 168, 2, 193)",1,"(199, 169, 2, 193)",2,"(200, 169, 2, 195)",1,"(201, 170, 2, 196)",1,"(202, 171, 2, 197)",1,"(203, 172, 2, 198)",1,"(204, 173, 2, 199)",1,"(205, 173, 2, 200)",1,"(206, 174, 2, 200)",2,"(207, 175, 2, 202)",1,"(208, 175, 2, 203)",1,"(209, 176, 2, 204)",1,"(210, 176, 2, 205)",1,"(211, 177, 2, 206)",1,"(212, 178, 2, 207)",1,"(213, 179, 2, 207)",2,"(214, 180, 2, 209)",1,"(215, 181, 2, 210)",1,"(216, 182, 2, 211)",1,"(217, 182, 2, 212)",1,"(218, 183, 2, 213)",1,"(219, 184, 2, 214)",1,"(220, 185, 2, 214)",2,"(221, 186, 2, 216)",1,"(222, 187, 2, 217)",1,"(223, 188, 2, 218)",1,"(224, 188, 2, 219)",1,"(225, 188, 2, 220)",1,"(226, 188, 2, 221)",1,"(227, 188, 2, 221)",2,"(228, 188, 2, 223)",1,"(229, 189, 2, 224)",1,"(230, 190, 2, 225)",1,"(231, 191, 2, 226)",1,"(232, 192, 2, 227)",1,"(233, 193, 2, 228)",1,"(234, 194, 2, 228)",2,"(235, 194, 2, 230)",1,"(236, 195, 2, 231)",1,"(237, 196, 2, 232)",1,"(238, 197, 2, 233)",1,"(239, 198, 2, 234)",1,"(240, 199, 2, 235)",1,"(241, 200, 2, 235)",2,"(242, 201, 2, 237)",1,"(243, 202, 2, 238)",1,"(244, 202, 2, 239)",1,"(245, 203, 2, 240)",1,"(246, 203, 2, 241)",1,"(247, 204, 2, 242)",1,"(248, 205, 2, 242)",2,"(249, 206, 2, 244)",1,"(250, 207, 2, 245)",1,"(251, 208, 2, 246)",1,"(252, 209, 2, 247)",1,"(253, 210, 2, 248)",1,"(254, 211, 2, 249)",1,"(255, 212, 2, 250)",1,"(256, 213, 2, 251)",1,"(257, 214, 2, 252)",1,"(258, 215, 2, 253)",1,"(259, 216, 2, 254)",1,"(260, 216, 2, 255)",1,"(261, 217, 2, 256)",1,"(262, 218, 2, 257)",1,"(263, 219, 2, 258)",1,"(264, 220, 2, 259)",1,"(265, 220, 2, 260)",1,"(266, 221, 2, 261)",1,"(267, 222, 2, 262)",1,"(268, 223, 2, 263)",1,"(269, 224, 2, 264)",1,"(270, 225, 2, 265)",1,"(271, 226, 2, 266)",1,"(272, 227, 2, 267)",1,"(273, 227, 2, 268)",6,"(274, 227, 2, 271)",1,"(275, 228, 2, 272)",1,"(276, 229, 2, 273)",1,"(277, 229, 2, 274)",1,"(278, 229, 2, 275)",1,"(279, 230, 2, 276)",1,"(280, 231, 2, 277)",1,"(281, 231, 2, 278)",2,"(283, 231, 2, 278)",1,"(285, 232, 2, 280)",1,"(286, 233, 2, 281)",1,"(287, 233, 2, 282)",1,"(288, 234, 2, 283)",1,"(289, 235, 2, 284)",1,"(290, 236, 2, 285)",1,"(291, 237, 2, 286)",1,"(292, 238, 2, 287)",1,"(293, 239, 2, 288)",1,"(294, 239, 2, 289)",1,"(295, 240, 2, 290)",1,"(296, 241, 2, 291)",1,"(297, 241, 2, 292)",1,"(298, 241, 2, 293)",1,"(299, 242, 2, 294)",1,"(300, 243, 2, 295)",1,"(301, 244, 2, 296)",1,"(302, 244, 2, 297)",1,"(303, 245, 2, 298)",1,"(304, 246, 2, 299)",1,"(305, 247, 2, 300)",1,"(306, 248, 2, 301)",1,"(307, 248, 2, 302)",1,"(308, 249, 2, 303)",1,"(309, 249, 2, 304)",1,"(310, 250, 2, 305)",1,"(311, 251, 2, 306)",6,"(312, 252, 2, 308)",1,"(313, 252, 2, 309)",1,"(314, 252, 2, 310)",1,"(315, 253, 2, 311)",1,"(316, 253, 2, 312)",1,"(317, 254, 2, 313)",1,"(318, 255, 2, 314)",1,"(319, 256, 2, 315)",1,"(320, 256, 2, 316)",1,"(321, 257, 2, 317)",1,"(322, 257, 2, 318)",1,"(323, 258, 2, 319)",1,"(324, 258, 2, 320)",1,"(325, 258, 2, 321)",1,"(326, 259, 2, 322)",1,"(327, 260, 2, 323)",1,"(328, 261, 2, 324)",1,"(329, 262, 2, 325)",1,"(330, 263, 2, 326)",1,"(331, 264, 2, 327)",1,"(332, 265, 2, 328)",1,"(333, 265, 2, 329)",1,"(334, 266, 2, 330)",1,"(335, 267, 2, 331)",1,"(336, 268, 2, 332)",1,"(337, 269, 2, 333)",1,"(338, 269, 2, 334)",1,"(339, 270, 2, 335)",1,"(340, 271, 2, 336)",6,"(341, 272, 2, 338)",1,"(342, 273, 2, 339)",1,"(343, 274, 2, 340)",1,"(344, 275, 2, 341)",1,"(345, 276, 2, 342)",1,"(346, 276, 2, 343)",1,"(347, 277, 2, 344)",1,"(348, 278, 2, 345)",1,"(349, 279, 2, 346)",1,"(350, 279, 2, 347)",1,"(351, 279, 2, 348)",1,"(352, 280, 2, 349)",1,"(353, 281, 2, 350)",1,"(354, 282, 2, 351)",1,"(355, 283, 2, 352)",1,"(356, 283, 2, 353)",1,"(357, 284, 2, 354)",1,"(358, 285, 2, 355)",1,"(359, 286, 2, 356)",1,"(360, 287, 2, 357)",1,"(361, 288, 2, 358)",1,"(362, 289, 2, 359)",1,"(363, 290, 2, 360)",1,"(364, 291, 2, 361)",1,"(365, 291, 2, 362)",1,"(366, 291, 2, 363)",1,"(367, 292, 2, 364)",1,"(368, 292, 2, 365)",1,"(369, 293, 2, 366)",1,"(370, 294, 2, 367)",1,"(371, 295, 2, 368)",1,"(372, 296, 2, 369)",1,"(373, 296, 2, 370)",1,"(374, 297, 2, 371)",1,"(375, 298, 2, 372)",1,"(376, 298, 2, 373)",1,"(377, 299, 2, 374)",1,"(378, 300, 2, 375)",1,"(379, 301, 2, 376)",1,"(380, 302, 2, 377)",1,"(381, 302, 2, 378)",1,"(382, 303, 2, 379)",1,"(383, 304, 2, 380)",1,"(384, 305, 2, 381)",1,"(385, 305, 2, 382)",1,"(386, 306, 2, 383)",1,"(387, 306, 2, 384)",1,"(388, 307, 2, 385)",1,"(389, 308, 2, 386)",1,"(390, 308, 2, 387)",1,"(391, 308, 2, 388)",1,"(392, 308, 2, 389)",1,"(393, 309, 2, 390)",1,"(394, 309, 2, 391)",1,"(395, 309, 2, 392)",1,"(396, 310, 2, 393)",1,"(397, 311, 2, 394)",1,"(398, 312, 2, 395)",1,"(399, 313, 2, 396)",1,"(400, 313, 2, 397)",1,"(401, 314, 2, 398)",1,"(402, 315, 2, 399)",1,"(403, 316, 2, 400)",1,"(404, 317, 2, 401)",1,"(405, 318, 2, 402)",1,"(406, 318, 2, 403)",1,"(407, 319, 2, 404)",1,"(408, 319, 2, 405)",1,"(409, 319, 2, 406)",1,"(410, 319, 2, 407)",1,"(411, 320, 2, 408)",1,"(412, 321, 2, 409)",1,"(413, 322, 2, 410)",1,"(414, 322, 2, 411)",1,"(415, 322, 2, 412)",1,"(416, 323, 2, 413)",2,"(418, 325, 2, 413)",1,"(420, 327, 2, 415)",1,"(421, 328, 2, 416)",1,"(422, 328, 2, 417)",1,"(423, 329, 2, 418)",1,"(424, 330, 2, 419)",1,"(425, 330, 2, 420)",2,"(427, 332, 2, 420)",1,"(429, 333, 2, 422)",1,"(430, 334, 2, 423)",1,"(431, 335, 2, 424)",1,"(432, 336, 2, 425)",1,"(433, 337, 2, 426)",1,"(434, 338, 2, 427)",1,"(435, 339, 2, 428)",1,"(436, 340, 2, 429)",1,"(437, 341, 2, 430)",1,"(438, 341, 2, 431)"
triage_pcaps\cryptolocker_220419-c4117sgdar.pcap,"(0, 0, 1, 0)",3,"(1, 1, 2, 1)",1,"(2, 2, 2, 3)",1,"(3, 3, 2, 4)",1,"(4, 4, 2, 5)",1,"(5, 5, 2, 6)",1,"(6, 6, 2, 7)",1,"(7, 7, 2, 8)",1,"(8, 8, 2, 9)",1,"(9, 9, 2, 10)",1,"(10, 10, 2, 11)",1,"(11, 11, 2, 12)",1,"(12, 12, 2, 13)",1,"(13, 13, 2, 14)",1,"(14, 13, 2, 15)",1,"(15, 14, 2, 16)",1,"(16, 15, 2, 16)",1,"(17, 16, 2, 17)",1,"(18, 17, 2, 18)",1,"(19, 18, 2, 19)",1,"(20, 19, 2, 20)",1,"(21, 20, 2, 21)",1,"(22, 21, 2, 22)",1,"(23, 22, 2, 23)",1,"(24, 23, 2, 24)",1,"(25, 24, 2, 25)",1,"(26, 25, 2, 26)",1,"(27, 26, 2, 27)",1,"(28, 27, 2, 28)",1,"(29, 28, 2, 29)",1,"(30, 29, 2, 30)",1,"(31, 30, 2, 31)",1,"(32, 31, 2, 32)",1,"(33, 32, 2, 33)",1,"(34, 33, 2, 34)",1,"(35, 33, 2, 35)",1,"(36, 34, 2, 36)",1,"(37, 35, 2, 37)",1,"(38, 36, 2, 38)",1,"(39, 37, 2, 39)",1,"(40, 38, 2, 40)",1,"(41, 39, 2, 41)",1,"(42, 40, 2, 42)",1,"(43, 41, 2, 43)",1,"(44, 42, 2, 44)",1,"(45, 43, 2, 45)",1,"(46, 44, 2, 46)",1,"(47, 45, 2, 47)",1,"(48, 46, 2, 48)",1,"(49, 47, 2, 49)",1,"(50, 48, 2, 50)",1,"(51, 49, 2, 51)",1,"(52, 50, 2, 52)",1,"(53, 51, 2, 53)",1,"(54, 52, 2, 54)",1,"(55, 52, 2, 55)",1,"(56, 53, 2, 56)",1,"(57, 54, 2, 57)",1,"(58, 55, 2, 58)",1,"(59, 56, 2, 59)",1,"(60, 57, 2, 60)"
triage_pcaps\cryptolocker_220419-c46xfsgdbr.pcap,"(0, 0, 1, 0)",4,"(1, 0, 2, 2)",1,"(2, 1, 2, 3)",1,"(3, 1, 2, 4)",1,"(4, 2, 2, 5)",1,"(5, 2, 2, 6)",1,"(6, 3, 2, 7)",1,"(7, 4, 2, 8)",1,"(8, 5, 2, 9)",1,"(9, 6, 2, 10)",1,"(10, 7, 2, 11)",1,"(11, 8, 2, 12)",1,"(12, 9, 2, 13)",1,"(13, 10, 2, 14)",1,"(14, 10, 2, 15)",1,"(15, 11, 2, 16)",1,"(16, 12, 2, 17)",1,"(17, 12, 2, 18)",1,"(18, 12, 2, 19)",1,"(19, 13, 2, 20)",1,"(20, 13, 2, 21)",1,"(21, 14, 2, 22)",1,"(22, 14, 2, 23)",1,"(23, 15, 2, 24)",1,"(24, 16, 2, 25)",1,"(25, 17, 2, 26)",1,"(26, 18, 2, 27)",1,"(27, 19, 2, 28)",1,"(28, 20, 2, 29)",1,"(29, 21, 2, 30)",1,"(30, 21, 2, 31)",1,"(31, 22, 2, 32)",1,"(32, 23, 2, 33)",1,"(33, 24, 2, 34)",1,"(34, 25, 2, 35)",1,"(35, 26, 2, 36)",1,"(36, 27, 2, 37)",1,"(37, 28, 2, 38)",1,"(38, 29, 2, 39)",1,"(39, 30, 2, 40)",1,"(40, 31, 2, 41)",1,"(41, 32, 2, 42)",1,"(42, 33, 2, 43)",1,"(43, 34, 2, 44)",1,"(44, 34, 2, 45)",1,"(45, 35, 2, 46)",1,"(46, 36, 2, 47)",1,"(47, 36, 2, 48)",1,"(48, 37, 2, 49)",1,"(49, 37, 2, 50)"
triage_pcaps\cryptolocker_220428-p1dgysfhhj.pcap,"(0, 0, 1, 0)",3,"(1, 1, 1, 2)",1,"(2, 1, 1, 3)",1,"(3, 2, 2, 4)",1,"(4, 3, 2, 5)",1,"(5, 4, 2, 6)",1,"(6, 4, 2, 7)",1,"(7, 5, 2, 8)",1,"(8, 6, 2, 9)",1,"(9, 7, 2, 10)",1,"(10, 8, 2, 11)",1,"(11, 9, 2, 12)",1,"(12, 10, 2, 13)",1,"(13, 11, 2, 14)",1,"(14, 12, 2, 15)",1,"(15, 12, 2, 16)",1,"(16, 13, 2, 17)",1,"(17, 14, 2, 18)",1,"(18, 15, 2, 19)",1,"(19, 16, 2, 20)",1,"(20, 17, 2, 21)",1,"(21, 18, 2, 22)",1,"(22, 19, 2, 23)",1,"(23, 20, 2, 24)",1,"(24, 21, 2, 25)",1,"(25, 22, 2, 26)",1,"(26, 23, 2, 27)",1,"(27, 24, 2, 28)",1,"(28, 25, 2, 29)",1,"(29, 26, 2, 30)",1,"(30, 27, 2, 31)",1,"(31, 28, 2, 32)",1,"(32, 29, 2, 33)",1,"(33, 29, 2, 34)",1,"(34, 30, 2, 35)",1,"(35, 31, 2, 36)",1,"(36, 32, 2, 37)",1,"(37, 33, 2, 38)",1,"(38, 34, 2, 39)",1,"(39, 35, 2, 40)",1,"(40, 36, 2, 41)",1,"(41, 37, 2, 42)",1,"(42, 38, 2, 43)",1,"(43, 39, 2, 44)",1,"(44, 40, 2, 45)",1,"(45, 41, 2, 46)",1,"(46, 42, 2, 47)",1,"(47, 43, 2, 48)",1,"(48, 44, 2, 49)",1,"(49, 45, 2, 49)",3,"(50, 46, 2, 51)",1,"(51, 47, 2, 52)",1,"(52, 48, 2, 53)",1,"(53, 49, 2, 54)",1,"(54, 50, 2, 55)",1,"(55, 51, 2, 56)",2,"(57, 53, 2, 56)",1,"(58, 54, 2, 56)"
triage_pcaps\locky_200618-ls9a7d7pvn.pcap,"(0, 0, 2, 0)",3,"(1, 1, 3, 1)",1,"(3, 3, 3, 3)",6,"(4, 4, 4, 5)",1,"(5, 4, 4, 6)",2,"(6, 5, 4, 7)"
triage_pcaps\locky_200619-f7fk9zsdrx.pcap,"(0, 0, 1, 0)",34,"(1, 1, 9, 2)",1,"(2, 2, 9, 3)",2,"(4, 4, 9, 6)",1,"(5, 5, 9, 6)",1,"(6, 5, 9, 7)",2,"(7, 6, 9, 8)",1,"(8, 6, 9, 9)"
triage_pcaps\locky_200622-6y7p9h9pzx.pcap,"(0, 0, 2, 0)",28,"(1, 1, 16, 8)",1,"(2, 2, 16, 9)"
triage_pcaps\locky_200622-lp5k4v7dhn.pcap,"(0, 0, 1, 0)",21,"(3, 2, 10, 4)",2,"(4, 3, 10, 5)",1,"(5, 4, 10, 6)",2,"(7, 6, 10, 8)",1,"(8, 7, 10, 9)"
triage_pcaps\locky_200622-m1fjnwedqj.pcap,"(0, 0, 2, 0)",20,"(3, 2, 10, 4)",2,"(4, 3, 10, 5)",1,"(5, 4, 10, 6)",2,"(7, 6, 10, 8)",1,"(8, 7, 10, 9)"
triage_pcaps\locky_200622-xth4e6a9m6.pcap,"(0, 0, 2, 0)",20,"(3, 2, 10, 4)",2,"(4, 3, 10, 5)",1,"(5, 4, 10, 6)",2,"(7, 6, 10, 8)",1,"(8, 7, 10, 9)"
triage_pcaps\locky_201202-zjgevzbjm6.pcap,"(0, 0, 2, 0)",7,"(1, 1, 4, 1)",1,"(3, 2, 4, 3)",2,"(5, 4, 4, 5)",1,"(6, 5, 4, 6)"
triage_pcaps\locky_201205-bf2evbhpvx.pcap,"(0, 0, 1, 0)",9,"(1, 1, 5, 2)",2,"(4, 4, 5, 5)",3,"(6, 6, 5, 8)",1,"(8, 7, 5, 9)",10,"(9, 8, 5, 10)",1,"(10, 9, 5, 11)",2,"(11, 10, 5, 12)"
triage_pcaps\locky_210311-bbqy9yhnd2.pcap,"(0, 0, 2, 0)",9,"(1, 1, 13, 31)",2,"(2, 1, 13, 32)",1,"(3, 1, 13, 33)",2,"(4, 2, 13, 34)",1,"(5, 3, 13, 35)",5,"(6, 3, 14, 36)"
triage_pcaps\locky_210311-eztvsd2wbn.pcap,"(0, 0, 2, 0)",6,"(2, 1, 4, 2)",1,"(3, 1, 4, 3)",2,"(4, 1, 4, 4)",1,"(5, 2, 4, 5)",2,"(6, 3, 4, 6)"
triage_pcaps\locky_210312-kq6q1shf72.pcap,"(0, 0, 1, 0)",15,"(1, 1, 3, 1)",1,"(2, 2, 3, 2)",2,"(3, 3, 3, 3)",4,"(5, 5, 4, 5)",1,"(6, 6, 4, 6)"
triage_pcaps\locky_210319-h3fzyt6fhn.pcap,"(0, 0, 1, 0)",24,"(2, 2, 9, 3)",1,"(3, 3, 9, 4)",2,"(4, 4, 9, 5)",3,"(7, 7, 9, 8)",1,"(8, 8, 9, 9)"
triage_pcaps\locky_210726-32wtyyb14e.pcap,"(0, 0, 2, 0)",5,"(1, 1, 5, 1)",1,"(2, 2, 5, 2)",2,"(4, 4, 5, 4)",1,"(5, 5, 5, 5)",2,"(6, 5, 5, 6)"
triage_pcaps\locky_210726-clqahh37ps.pcap,"(0, 0, 1, 0)",41,"(2, 2, 10, 3)"
triage_pcaps\locky_210726-nztk2wyb66.pcap,"(0, 0, 2, 0)",22,"(1, 1, 9, 2)",1,"(2, 2, 9, 3)",2,"(3, 3, 9, 4)",1,"(4, 3, 9, 5)",2,"(6, 5, 9, 7)",1,"(7, 6, 9, 8)",2,"(8, 7, 9, 9)"
triage_pcaps\locky_220408-ptlvrahgbp.pcap,"(0, 0, 1, 0)",17,"(1, 1, 7, 2)",1,"(3, 3, 7, 4)",2,"(4, 4, 7, 5)",3,"(5, 5, 7, 6)",1,"(8, 8, 7, 9)",231,"(9, 9, 7, 9)",1,"(11, 11, 7, 9)",2,"(12, 12, 7, 9)",2,"(13, 13, 7, 9)",1,"(16, 16, 7, 9)"
triage_pcaps\locky_220520-d7e4ksgbb2.pcap,"(0, 0, 2, 0)",16,"(1, 1, 6, 2)",3,"(3, 2, 6, 4)",3,"(4, 2, 6, 5)",3,"(5, 2, 6, 6)"
triage_pcaps\locky_220526-ew2c4scbdm.pcap,"(0, 0, 1, 0)",18,"(1, 1, 7, 2)",3,"(2, 2, 7, 3)",3,"(3, 3, 7, 4)",3,"(4, 4, 7, 6)",1,"(5, 5, 7, 6)",3,"(6, 5, 7, 7)",3,"(7, 6, 7, 8)",3,"(8, 7, 7, 9)",1,"(9, 8, 7, 9)"
triage_pcaps\tinba1_220122-a4fddsfghq.pcap,"(0, 0, 1, 0)",4,"(1, 1, 2, 5)",4,"(2, 2, 2, 9)",5,"(3, 3, 2, 13)",1,"(4, 4, 2, 15)",2,"(5, 5, 2, 17)",1,"(7, 7, 2, 20)",1,"(8, 8, 2, 21)",2,"(11, 11, 2, 25)",2,"(13, 13, 2, 28)",1,"(14, 14, 2, 29)",2,"(17, 17, 2, 33)",2,"(19, 19, 2, 36)",1,"(20, 20, 2, 37)",2,"(23, 23, 2, 41)",2,"(25, 25, 2, 44)",1,"(26, 26, 2, 45)",2,"(29, 29, 2, 49)",2,"(31, 31, 2, 52)",1,"(32, 32, 2, 53)",2,"(35, 35, 2, 57)",2,"(37, 37, 2, 60)",1,"(38, 38, 2, 61)",2,"(40, 40, 2, 65)",1,"(41, 41, 2, 65)",2,"(43, 43, 2, 68)"
triage_pcaps\tinba1_220122-an98tsfbdr.pcap,"(0, 0, 1, 0)",3,"(1, 0, 3, 4)",1,"(2, 0, 3, 5)",3,"(3, 0, 3, 8)",1,"(4, 0, 3, 9)",2,"(5, 0, 3, 12)",1,"(6, 0, 3, 13)",2,"(7, 0, 3, 16)",1,"(8, 0, 3, 17)",2,"(11, 3, 3, 21)",3,"(12, 3, 3, 24)",1,"(13, 3, 3, 25)",2,"(16, 6, 3, 29)",2,"(19, 9, 3, 33)",2,"(21, 11, 3, 36)",1,"(22, 12, 3, 37)",2,"(25, 12, 3, 41)",2,"(27, 14, 3, 44)",1,"(28, 15, 3, 45)",2,"(31, 18, 3, 49)",2,"(33, 20, 3, 52)",1,"(34, 21, 3, 53)",2,"(35, 22, 3, 56)",1,"(36, 23, 3, 57)",2,"(38, 23, 3, 60)",1,"(39, 23, 3, 61)",2,"(42, 26, 3, 65)",2,"(45, 29, 3, 69)",2,"(47, 31, 3, 72)",1,"(48, 32, 3, 73)",2,"(51, 35, 3, 77)",2,"(53, 37, 3, 81)",1,"(54, 38, 3, 81)",2,"(57, 41, 3, 85)",2,"(59, 43, 3, 88)",1,"(60, 44, 3, 89)",2,"(62, 46, 3, 92)",1,"(63, 47, 3, 93)",2,"(66, 50, 3, 97)",2,"(68, 52, 3, 100)",1,"(69, 53, 3, 101)",2,"(72, 56, 3, 105)",2,"(73, 57, 3, 108)",1,"(74, 58, 3, 109)",2,"(77, 61, 3, 113)",2,"(79, 63, 3, 116)",1,"(80, 64, 3, 117)",2,"(82, 64, 3, 120)"
triage_pcaps\tinba1_220122-bd9pzsgab5.pcap,"(0, 0, 1, 0)",5,"(1, 1, 2, 5)",2,"(2, 2, 2, 7)",2,"(3, 3, 2, 9)"
triage_pcaps\tinba1_220127-zc965aafc9.pcap,"(0, 0, 1, 1)",4,"(1, 1, 2, 5)",4,"(2, 2, 2, 9)",3,"(3, 3, 2, 13)",2,"(4, 4, 2, 15)",2,"(5, 5, 2, 17)",2,"(8, 8, 2, 21)",2,"(10, 10, 2, 24)",1,"(11, 11, 2, 25)",2,"(14, 14, 2, 29)",2,"(16, 16, 2, 32)",1,"(17, 17, 2, 33)",2,"(20, 20, 2, 37)",2,"(23, 23, 2, 41)",2,"(25, 25, 2, 44)",1,"(26, 26, 2, 45)",2,"(29, 29, 2, 49)",2,"(31, 31, 2, 52)",1,"(32, 32, 2, 53)",2,"(34, 34, 2, 57)",1,"(35, 35, 2, 57)",1,"(37, 37, 2, 60)",1,"(38, 38, 2, 61)",2,"(41, 41, 2, 65)",2,"(43, 43, 2, 69)",1,"(44, 44, 2, 69)",2,"(47, 47, 2, 73)",2,"(50, 50, 2, 77)",2,"(52, 52, 2, 80)",1,"(53, 53, 2, 81)",2,"(56, 56, 2, 85)",2,"(58, 56, 2, 88)",1,"(59, 56, 2, 89)",2,"(62, 59, 2, 93)",2,"(64, 61, 2, 96)",1,"(65, 62, 2, 97)",2,"(67, 64, 2, 100)",1,"(68, 65, 2, 101)",2,"(71, 68, 2, 105)",2,"(73, 70, 2, 108)",1,"(74, 71, 2, 109)",2,"(77, 74, 2, 113)",2,"(79, 76, 2, 116)"
triage_pcaps\tinba1_220128-2xfjcsffdn.pcap,"(0, 0, 1, 0)",3,"(2, 2, 2, 5)",1,"(3, 3, 2, 5)",2,"(6, 6, 2, 9)",2,"(8, 8, 2, 12)"
triage_pcaps\tinba1_220128-bbs98addbm.pcap,"(0, 0, 1, 0)",5,"(1, 1, 2, 5)",4,"(2, 2, 2, 9)",4,"(3, 3, 2, 13)",1,"(4, 4, 2, 15)",2,"(5, 5, 2, 17)",1,"(7, 7, 2, 20)",1,"(8, 8, 2, 21)",2,"(11, 11, 2, 25)",2,"(13, 13, 2, 28)",1,"(14, 14, 2, 29)",2,"(17, 17, 2, 33)",2,"(19, 19, 2, 36)",1,"(20, 20, 2, 37)",2,"(23, 23, 2, 41)",2,"(26, 26, 2, 45)",2,"(28, 28, 2, 48)",1,"(29, 29, 2, 49)",2,"(32, 32, 2, 53)",2,"(34, 34, 2, 56)",1,"(35, 35, 2, 57)",2,"(38, 38, 2, 61)",2,"(40, 40, 2, 64)",1,"(41, 41, 2, 65)",2,"(44, 44, 2, 69)",2,"(46, 46, 2, 72)",1,"(47, 47, 2, 73)",2,"(50, 50, 2, 77)",2,"(52, 52, 2, 80)",1,"(53, 53, 2, 81)",2,"(56, 56, 2, 85)",2,"(58, 56, 2, 88)"
triage_pcaps\tinba1_220129-e2dt1adbd8.pcap,"(0, 0, 1, 0)",5,"(1, 1, 2, 5)",3,"(2, 2, 2, 9)",4,"(3, 3, 2, 13)",2,"(4, 4, 2, 15)",2,"(5, 5, 2, 17)",2,"(8, 8, 2, 21)",2,"(10, 10, 2, 24)",1,"(11, 11, 2, 25)",2,"(14, 14, 2, 29)",2,"(16, 16, 2, 32)",1,"(17, 17, 2, 33)",2,"(20, 20, 2, 37)",2,"(23, 23, 2, 41)",2,"(25, 25, 2, 44)",1,"(26, 26, 2, 45)",2,"(29, 29, 2, 49)",2,"(31, 31, 2, 52)",1,"(32, 32, 2, 53)",2,"(35, 35, 2, 57)",2,"(37, 37, 2, 60)",1,"(38, 38, 2, 61)",2,"(41, 41, 2, 65)",2,"(43, 43, 2, 68)",1,"(44, 44, 2, 69)",2,"(47, 47, 2, 73)",2,"(49, 49, 2, 76)",1,"(50, 50, 2, 77)",2,"(53, 53, 2, 81)",2,"(55, 55, 2, 85)",1,"(56, 56, 2, 85)",2,"(59, 56, 2, 89)",2,"(62, 59, 2, 93)",2,"(64, 61, 2, 96)",1,"(65, 62, 2, 97)",2,"(68, 65, 2, 101)",2,"(70, 67, 2, 104)",1,"(71, 68, 2, 105)",2,"(74, 71, 2, 109)",2,"(76, 73, 2, 112)",1,"(77, 74, 2, 113)",2,"(80, 77, 2, 117)",2,"(82, 79, 2, 120)",1,"(83, 80, 2, 121)",2,"(86, 80, 2, 125)",2,"(88, 82, 2, 128)",1,"(89, 83, 2, 129)",2,"(92, 86, 2, 133)"
triage_pcaps\tinba1_220129-eyqpdsdba8.pcap,"(0, 0, 1, 0)",5,"(1, 1, 2, 5)",4,"(2, 2, 2, 9)",3,"(3, 3, 2, 13)",2,"(4, 4, 2, 15)",2,"(5, 5, 2, 17)",2,"(8, 8, 2, 21)",2,"(10, 10, 2, 24)",1,"(11, 11, 2, 25)",2,"(14, 14, 2, 29)",2,"(16, 16, 2, 32)",1,"(17, 17, 2, 33)",2,"(20, 20, 2, 37)",2,"(22, 22, 2, 40)"
triage_pcaps\tinba1_220130-18jjqabchm.pcap,"(0, 0, 1, 0)",5,"(1, 1, 2, 5)",4,"(2, 2, 2, 9)",4,"(3, 3, 2, 13)",1,"(4, 4, 2, 15)",2,"(5, 5, 2, 17)",1,"(7, 7, 2, 20)",2,"(10, 10, 2, 21)",1,"(12, 12, 2, 24)",1,"(13, 13, 2, 25)",2,"(16, 16, 2, 29)",2,"(19, 19, 2, 33)",2,"(22, 22, 2, 37)",2,"(24, 24, 2, 40)",1,"(25, 25, 2, 41)",2,"(27, 27, 2, 45)",1,"(28, 28, 2, 45)",1,"(30, 30, 2, 48)",1,"(31, 31, 2, 49)",2,"(34, 34, 2, 53)",2,"(36, 36, 2, 56)",1,"(37, 37, 2, 57)",2,"(40, 40, 2, 61)",2,"(42, 42, 2, 64)",1,"(43, 43, 2, 65)",2,"(45, 45, 2, 69)",1,"(46, 46, 2, 69)",1,"(48, 48, 2, 72)",1,"(49, 49, 2, 73)",2,"(52, 52, 2, 77)",2,"(54, 54, 2, 80)",1,"(55, 55, 2, 81)",2,"(58, 58, 2, 85)",2,"(60, 58, 2, 88)",1,"(61, 58, 2, 89)",2,"(64, 61, 2, 93)",2,"(66, 63, 2, 96)",1,"(67, 64, 2, 97)",2,"(70, 67, 2, 101)",2,"(72, 69, 2, 104)",1,"(73, 70, 2, 105)",2,"(76, 73, 2, 109)",2,"(78, 75, 2, 112)",1,"(79, 76, 2, 113)",2,"(82, 79, 2, 117)",2,"(84, 81, 2, 120)",1,"(85, 82, 2, 121)",2,"(88, 82, 2, 125)",2,"(90, 84, 2, 128)",1,"(91, 85, 2, 129)",2,"(94, 88, 2, 133)",2,"(96, 90, 2, 136)",1,"(97, 91, 2, 137)",2,"(100, 91, 2, 141)",2,"(103, 94, 2, 145)",2,"(106, 97, 2, 149)",2,"(108, 99, 2, 152)",1,"(109, 100, 2, 153)",2,"(112, 103, 2, 157)",2,"(114, 105, 2, 160)",1,"(115, 106, 2, 161)"
triage_pcaps\tinba1_220130-vr5gzafhf4.pcap,"(0, 0, 1, 0)",5,"(1, 1, 2, 5)",4,"(2, 2, 2, 9)",5,"(3, 3, 2, 13)",1,"(4, 4, 2, 15)",2,"(5, 5, 2, 17)",1,"(7, 7, 2, 20)",2,"(10, 10, 2, 21)",1,"(12, 12, 2, 24)",1,"(13, 13, 2, 25)",2,"(15, 15, 2, 28)"
triage_pcaps\tinba1_220130-w4dqfshbd5.pcap,"(0, 0, 1, 0)",5,"(1, 1, 2, 5)",4,"(2, 2, 2, 9)",4,"(3, 3, 2, 13)",2,"(4, 3, 2, 16)",1,"(5, 3, 2, 17)",2,"(8, 6, 2, 21)",2,"(10, 8, 2, 24)",1,"(11, 9, 2, 25)",2,"(14, 12, 2, 29)",3,"(15, 12, 2, 32)",1,"(16, 12, 2, 33)",1,"(18, 14, 2, 36)",1,"(19, 15, 2, 37)",2,"(22, 18, 2, 41)",2,"(24, 20, 2, 44)",2,"(27, 23, 2, 45)",1,"(29, 25, 2, 48)",1,"(30, 26, 2, 49)",2,"(32, 28, 2, 53)",1,"(33, 29, 2, 53)",2,"(36, 32, 2, 57)",2,"(38, 34, 2, 60)",1,"(39, 35, 2, 61)",2,"(42, 38, 2, 65)",2,"(43, 39, 2, 68)",1,"(44, 40, 2, 69)",2,"(47, 43, 2, 73)",2,"(49, 45, 2, 76)",1,"(50, 46, 2, 77)",2,"(53, 49, 2, 81)",2,"(55, 51, 2, 84)",1,"(56, 52, 2, 85)",2,"(59, 55, 2, 89)",2,"(61, 55, 2, 92)",1,"(62, 55, 2, 93)",2,"(65, 58, 2, 97)",2,"(67, 60, 2, 100)",1,"(68, 61, 2, 101)",2,"(71, 61, 2, 105)",2,"(73, 63, 2, 108)",1,"(74, 64, 2, 109)",2,"(76, 66, 2, 112)"
triage_pcaps\tinba1_220130-x2nnbahbel.pcap,"(0, 0, 1, 0)",5,"(1, 1, 2, 5)",4,"(2, 2, 2, 9)",3,"(3, 3, 2, 13)",2,"(4, 4, 2, 15)",2,"(5, 5, 2, 17)",1,"(7, 7, 2, 20)",1,"(8, 8, 2, 21)",2,"(11, 11, 2, 25)",2,"(13, 13, 2, 28)",1,"(14, 14, 2, 29)",2,"(17, 17, 2, 33)",2,"(19, 19, 2, 36)",1,"(20, 20, 2, 37)",2,"(23, 23, 2, 41)",2,"(25, 25, 2, 45)",1,"(26, 26, 2, 45)",2,"(29, 29, 2, 49)",2,"(31, 31, 2, 52)",1,"(32, 32, 2, 53)",2,"(34, 34, 2, 56)",1,"(35, 35, 2, 57)",2,"(37, 37, 2, 60)",1,"(38, 38, 2, 61)",2,"(41, 41, 2, 65)",2,"(43, 43, 2, 68)",1,"(44, 44, 2, 69)",2,"(47, 47, 2, 73)",2,"(49, 49, 2, 76)",1,"(50, 50, 2, 77)",2,"(53, 53, 2, 81)",2,"(55, 55, 2, 84)",1,"(56, 56, 2, 85)",2,"(59, 56, 2, 89)",2,"(61, 58, 2, 92)",1,"(62, 59, 2, 93)",2,"(65, 62, 2, 97)",2,"(67, 64, 2, 100)",1,"(68, 65, 2, 101)",2,"(71, 68, 2, 105)",2,"(73, 70, 2, 108)",1,"(74, 71, 2, 109)",2,"(77, 74, 2, 113)",2,"(79, 76, 2, 116)",1,"(80, 77, 2, 117)",2,"(83, 80, 2, 121)",2,"(85, 80, 2, 124)",1,"(86, 80, 2, 125)",2,"(88, 82, 2, 129)",1,"(89, 83, 2, 129)",2,"(92, 86, 2, 133)",2,"(95, 89, 2, 137)",2,"(97, 89, 2, 140)",1,"(98, 89, 2, 141)",2,"(101, 92, 2, 145)",2,"(103, 94, 2, 148)"
triage_pcaps\tinba1_220130-xwhvwahadp.pcap,"(0, 0, 1, 1)",1,"(1, 0, 2, 2)",2,"(2, 1, 2, 5)",4,"(3, 2, 2, 9)",2,"(4, 3, 2, 11)",2,"(5, 4, 2, 13)",3,"(6, 4, 2, 17)",3,"(7, 5, 2, 20)",1,"(8, 6, 2, 21)",2,"(9, 7, 2, 24)",1,"(10, 8, 2, 25)",2,"(13, 11, 2, 29)",2,"(16, 14, 2, 33)",2,"(18, 16, 2, 36)",1,"(19, 17, 2, 37)",2,"(21, 19, 2, 41)",1,"(22, 20, 2, 41)",2,"(25, 20, 2, 45)",2,"(27, 20, 2, 48)",1,"(28, 20, 2, 49)",2,"(31, 23, 2, 53)",2,"(33, 25, 2, 56)",1,"(34, 26, 2, 57)",2,"(35, 27, 2, 59)",5,"(36, 28, 2, 62)",2,"(39, 31, 2, 66)",2,"(41, 33, 2, 69)",1,"(42, 34, 2, 70)",2,"(44, 36, 2, 74)",1,"(45, 37, 2, 74)",2,"(48, 37, 2, 78)",2,"(50, 39, 2, 81)"
triage_pcaps\tinba1_220130-zm9ncabbg8.pcap,"(0, 0, 1, 0)",5,"(1, 1, 2, 5)",1,"(2, 2, 2, 7)",2,"(3, 3, 2, 9)",3,"(4, 4, 2, 12)",1,"(5, 5, 2, 13)",2,"(7, 7, 2, 17)",1,"(8, 8, 2, 17)",2,"(9, 9, 2, 20)",1,"(10, 10, 2, 21)",2,"(13, 13, 2, 25)",2,"(16, 16, 2, 29)",2,"(18, 18, 2, 32)",1,"(19, 19, 2, 33)",2,"(21, 21, 2, 36)",1,"(22, 22, 2, 37)",2,"(24, 24, 2, 41)",1,"(25, 25, 2, 41)",2,"(28, 25, 2, 45)",2,"(30, 27, 2, 48)",1,"(31, 28, 2, 49)",2,"(34, 31, 2, 53)",2,"(36, 33, 2, 56)",1,"(37, 34, 2, 57)",2,"(39, 36, 2, 60)",1,"(40, 37, 2, 61)",2,"(43, 40, 2, 65)",2,"(46, 43, 2, 69)",2,"(48, 45, 2, 72)",1,"(49, 46, 2, 73)",2,"(52, 49, 2, 77)",2,"(54, 51, 2, 80)",1,"(55, 52, 2, 81)",2,"(57, 54, 2, 84)",1,"(58, 55, 2, 85)",2,"(61, 58, 2, 89)",2,"(63, 58, 2, 92)",1,"(64, 58, 2, 93)",2,"(67, 61, 2, 97)",2,"(69, 63, 2, 100)",1,"(70, 64, 2, 101)",2,"(73, 67, 2, 105)",2,"(75, 69, 2, 108)",1,"(76, 70, 2, 109)",2,"(79, 70, 2, 113)",2,"(82, 70, 2, 117)",2,"(85, 73, 2, 121)",2,"(87, 75, 2, 124)",1,"(88, 76, 2, 125)",2,"(91, 79, 2, 129)",2,"(93, 81, 2, 132)",1,"(94, 82, 2, 133)",2,"(97, 85, 2, 137)",2,"(99, 85, 2, 140)",1,"(100, 85, 2, 141)",2,"(103, 88, 2, 145)",2,"(105, 90, 2, 148)",1,"(106, 91, 2, 149)",2,"(108, 93, 2, 153)",1,"(109, 94, 2, 153)"
triage_pcaps\tinba1_220131-anaszadcc6.pcap,"(0, 0, 1, 0)",5,"(1, 1, 2, 5)",2,"(2, 2, 2, 8)",1,"(3, 3, 2, 9)",3,"(4, 4, 2, 12)",1,"(5, 5, 2, 13)",2,"(8, 8, 2, 17)",8,"(9, 9, 2, 22)",2,"(11, 11, 2, 25)",1,"(12, 12, 2, 26)",2,"(15, 15, 2, 30)",2,"(17, 17, 2, 33)",1,"(18, 18, 2, 34)",2,"(21, 21, 2, 38)",2,"(23, 23, 2, 41)",1,"(24, 24, 2, 42)",2,"(27, 24, 2, 46)",2,"(29, 26, 2, 50)",1,"(30, 27, 2, 50)",2,"(33, 30, 2, 54)",2,"(36, 33, 2, 58)",2,"(38, 35, 2, 61)",1,"(39, 36, 2, 62)",2,"(42, 39, 2, 66)",2,"(45, 42, 2, 70)",2,"(47, 44, 2, 73)",1,"(48, 45, 2, 74)",2,"(51, 48, 2, 78)",2,"(53, 50, 2, 81)",1,"(54, 51, 2, 82)",2,"(57, 54, 2, 86)",2,"(59, 56, 2, 89)",1,"(60, 57, 2, 90)",2,"(63, 57, 2, 94)",2,"(66, 60, 2, 98)",2,"(68, 62, 2, 101)",1,"(69, 63, 2, 102)",2,"(72, 66, 2, 106)",2,"(74, 68, 2, 109)",2,"(77, 71, 2, 110)",1,"(79, 71, 2, 113)",1,"(80, 71, 2, 114)",2,"(83, 71, 2, 118)",2,"(85, 73, 2, 121)",1,"(86, 74, 2, 122)",2,"(88, 76, 2, 125)",1,"(89, 77, 2, 126)",1,"(91, 79, 2, 129)",1,"(92, 80, 2, 130)",2,"(94, 82, 2, 134)",1,"(95, 83, 2, 134)",2,"(97, 85, 2, 138)",1,"(98, 86, 2, 138)",2,"(100, 86, 2, 142)",1,"(101, 86, 2, 142)"
triage_pcaps\tinba1_220131-bc9ctschgr.pcap,"(0, 0, 1, 0)",9,"(1, 1, 2, 6)",4,"(2, 2, 2, 10)",4,"(3, 3, 2, 14)",2,"(4, 4, 2, 17)",1,"(5, 5, 2, 18)",2,"(8, 8, 2, 22)",2,"(10, 10, 2, 25)",1,"(11, 11, 2, 26)",2,"(13, 13, 2, 30)",1,"(14, 14, 2, 30)",2,"(17, 17, 2, 34)",2,"(20, 20, 2, 38)",2,"(22, 22, 2, 41)",6,"(23, 23, 2, 42)",2,"(26, 26, 2, 46)",2,"(28, 28, 2, 49)",1,"(29, 29, 2, 50)",2,"(31, 31, 2, 54)",1,"(32, 32, 2, 54)",2,"(35, 35, 2, 58)",2,"(38, 38, 2, 62)",2,"(40, 40, 2, 65)",1,"(41, 41, 2, 66)",2,"(44, 44, 2, 70)",2,"(46, 46, 2, 73)",1,"(47, 47, 2, 74)",2,"(50, 50, 2, 78)",2,"(52, 52, 2, 81)",1,"(53, 53, 2, 82)",2,"(56, 56, 2, 86)",2,"(58, 56, 2, 89)",1,"(59, 56, 2, 90)",2,"(62, 59, 2, 94)",2,"(64, 61, 2, 97)",1,"(65, 62, 2, 98)",2,"(68, 65, 2, 102)",2,"(70, 67, 2, 105)",1,"(71, 68, 2, 106)",2,"(74, 71, 2, 110)",2,"(76, 73, 2, 113)",1,"(77, 74, 2, 114)",2,"(80, 77, 2, 118)",2,"(82, 79, 2, 121)",1,"(83, 80, 2, 122)",2,"(85, 80, 2, 126)",1,"(86, 80, 2, 126)"
triage_pcaps\tinba1_220215-2nwtzsbad6.pcap,"(0, 0, 2, 0)",8,"(1, 0, 6, 5)",4,"(2, 0, 6, 9)",5,"(3, 0, 6, 13)",1,"(5, 0, 6, 14)"
triage_pcaps\tinba1_220301-f2p3psgcc6.pcap,"(0, 0, 1, 1)",1,"(1, 0, 1, 1)",1,"(5, 3, 2, 6)",2,"(26, 22, 2, 29)"
triage_pcaps\tinba1_220323-ljlkfsgbbp.pcap,"(0, 0, 1, 1)",1,"(1, 0, 1, 1)"
triage_pcaps\tinba1_220502-qtpr3sfggr.pcap,"(0, 0, 1, 1)",2,"(2, 2, 2, 4)",1,"(3, 3, 2, 5)",4,"(4, 4, 2, 8)",1,"(5, 5, 2, 9)",3,"(7, 7, 2, 12)",1,"(8, 8, 2, 13)",1,"(9, 9, 2, 13)",3,"(10, 10, 2, 15)"
triage_pcaps\tinba1_220502-rklvhaefb8.pcap,"(0, 0, 1, 1)",8,"(1, 0, 2, 6)"
triage_pcaps\tinba1_220516-n7wrfadcaj.pcap,"(0, 0, 1, 1)",2,"(2, 2, 2, 4)",1,"(3, 3, 2, 5)",4,"(4, 4, 2, 8)",1,"(5, 5, 2, 9)",3,"(7, 7, 2, 12)",1,"(8, 8, 2, 13)"
triage_pcaps\tinba2_210509-ahkm2hqhkj.pcap,"(0, 0, 2, 1)",12,"(2, 2, 3, 9)"
triage_pcaps\tinba2_210509-j7crtac9vn.pcap,"(0, 0, 2, 0)",2,"(2, 2, 4, 4)",3,"(3, 3, 5, 5)"
triage_pcaps\tinba2_210511-x1qcsrehge.pcap,"(0, 0, 2, 1)",1,"(1, 0, 3, 2)"
triage_pcaps\tinba2_210513-9jjegcmq26.pcap,"(0, 0, 2, 0)",8,"(1, 1, 4, 5)"
triage_pcaps\tinba2_210515-l9r38c8sfa.pcap,"(0, 0, 1, 0)",22,"(1, 1, 5, 5)"
triage_pcaps\tinba3_201117-m6x3aywdj2.pcap,"(0, 0, 2, 0)",8,"(4, 3, 4, 7)"
triage_pcaps\tinba3_210228-223bqnkwce.pcap,"(0, 0, 2, 2)",8,"(1, 0, 4, 7)"
triage_pcaps\tinba3_210505-dy27wsm9se.pcap,"(1, 0, 2, 2)",9,"(2, 1, 4, 6)"
triage_pcaps\tinba3_210509-m2mmmcnxfe.pcap,"(0, 0, 1, 1)",3,"(2, 2, 4, 4)"
