CTU-Malware-Capture-Botnet-49_147.32.86.111,"(0, 0, 0, 0)",332,"(1, 1, 18, 6)",4004,"(2, 1, 153, 73)",14,"(3, 2, 154, 75)",443,"(5, 4, 165, 77)"
CTU-Malware-Capture-Botnet-49_147.32.84.59,"(1, 0, 22, 4)",3,"(2, 0, 138, 7)",17,"(3, 0, 442, 57)",22,"(4, 1, 627, 81)",1,"(5, 2, 642, 83)",25,"(6, 2, 749, 101)",2,"(7, 2, 753, 101)",18,"(8, 2, 799, 162)",37,"(9, 2, 879, 237)",2,"(11, 2, 879, 237)",14,"(12, 2, 936, 373)",2,"(13, 2, 942, 381)",6,"(14, 2, 1116, 397)",2,"(15, 2, 1116, 415)",3,"(16, 2, 1123, 424)",23,"(17, 2, 1235, 459)",58,"(19, 4, 1406, 540)",1,"(21, 6, 1406, 543)",34,"(23, 8, 1485, 595)",8,"(25, 8, 1499, 601)",8,"(26, 8, 1507, 614)",15,"(28, 8, 1537, 638)",5,"(34, 14, 1548, 646)",30,"(38, 14, 1638, 724)",16,"(39, 14, 1669, 776)",17,"(40, 14, 1717, 822)",27,"(43, 16, 1767, 880)",30,"(44, 17, 1861, 998)",8,"(46, 19, 1875, 1004)",160,"(48, 21, 2212, 1217)",23,"(50, 21, 2257, 1258)",2,"(52, 21, 2261, 1261)",2,"(58, 25, 2271, 1269)",14,"(59, 25, 2304, 1313)",8,"(60, 25, 2310, 1315)",57,"(62, 27, 2395, 1456)",14,"(63, 28, 2427, 1464)",29,"(65, 29, 2500, 1491)",40,"(66, 29, 2584, 1571)",1,"(67, 29, 2595, 1580)",3,"(68, 30, 2615, 1598)",4,"(72, 32, 2629, 1623)",4,"(76, 34, 2645, 1651)",43,"(77, 34, 2725, 1697)",1,"(78, 34, 2725, 1698)",35,"(80, 34, 2777, 1745)",2,"(82, 36, 2779, 1757)",5,"(84, 36, 2801, 1787)",45,"(85, 36, 2895, 1824)",17,"(86, 37, 2913, 1828)",37,"(87, 37, 2971, 1949)",6,"(88, 37, 2975, 1951)",28,"(90, 37, 3027, 1961)",14,"(91, 37, 3039, 1989)",6,"(92, 37, 3047, 1995)",2,"(93, 37, 3048, 1997)",2,"(94, 37, 3055, 1997)",3,"(95, 37, 3057, 1998)",82,"(96, 38, 3150, 2130)",6,"(97, 38, 3165, 2188)",27,"(102, 40, 3197, 2273)",11,"(104, 40, 3209, 2284)",1,"(105, 41, 3209, 2284)",2,"(107, 41, 3224, 2286)",3,"(109, 41, 3261, 2291)",38,"(110, 41, 3377, 2325)",20,"(112, 42, 3434, 2436)",18,"(114, 44, 3458, 2449)",6,"(115, 44, 3478, 2469)",9,"(117, 45, 3495, 2476)",19,"(118, 46, 3510, 2511)",14,"(120, 47, 3528, 2544)",7,"(121, 47, 3542, 2547)",1,"(124, 50, 3545, 2560)",1,"(125, 50, 3546, 2560)",1,"(128, 53, 3547, 2564)",2,"(129, 53, 3550, 2564)",1,"(130, 54, 3550, 2565)",1,"(131, 54, 3552, 2565)",2,"(132, 54, 3553, 2565)",16,"(134, 54, 3589, 2573)",3,"(138, 55, 3596, 2575)",55,"(139, 55, 3743, 2595)",5,"(140, 55, 3747, 2596)",3,"(141, 55, 3747, 2596)",2,"(142, 55, 3748, 2596)",3,"(143, 55, 3751, 2596)",4,"(144, 55, 3782, 2596)",31,"(145, 55, 3814, 2609)",9,"(147, 57, 3819, 2621)",6,"(149, 59, 3821, 2624)",17,"(150, 59, 3833, 2634)",5,"(151, 60, 3834, 2636)",44,"(152, 60, 3868, 2683)",9,"(153, 60, 3890, 2688)",6,"(158, 64, 3909, 2717)",1,"(164, 64, 3909, 2724)",5,"(165, 64, 3926, 2789)",10,"(168, 66, 4013, 2806)",1,"(169, 67, 4066, 2809)",2,"(173, 70, 4077, 2835)",3,"(177, 73, 4083, 2841)",2,"(178, 73, 4093, 2843)",2,"(181, 76, 4095, 2850)",3,"(182, 76, 4100, 2859)",3,"(185, 79, 4110, 2879)",18,"(190, 83, 4152, 2923)",10,"(195, 87, 4189, 2943)",1,"(201, 93, 4189, 2946)",1,"(202, 94, 4189, 2949)",7,"(207, 98, 4282, 2965)",4,"(208, 98, 4284, 2986)",9,"(209, 99, 4301, 3012)",33,"(210, 99, 4433, 3071)",3,"(211, 99, 4435, 3074)",51,"(212, 99, 4533, 3139)",20,"(213, 99, 4566, 3161)",14,"(214, 99, 4572, 3163)",1,"(215, 99, 4575, 3163)",1,"(216, 99, 4579, 3164)",20,"(218, 99, 4586, 3167)",31,"(219, 99, 4625, 3211)",1,"(220, 99, 4626, 3211)",10,"(222, 99, 4640, 3220)",23,"(223, 99, 4654, 3224)",5,"(224, 99, 4658, 3224)",2,"(225, 99, 4658, 3224)",3,"(226, 99, 4661, 3224)",2,"(227, 99, 4664, 3224)",9,"(228, 100, 4672, 3226)",8,"(229, 100, 4686, 3235)",41,"(231, 101, 4745, 3293)",5,"(232, 101, 4746, 3301)",1,"(233, 101, 4747, 3301)",92,"(234, 101, 4875, 3308)",2,"(235, 101, 4877, 3308)",31,"(236, 101, 4930, 3399)",3,"(239, 101, 4934, 3402)",17,"(243, 104, 4950, 3410)",3,"(247, 107, 4957, 3426)",2,"(248, 107, 4959, 3460)",1,"(249, 107, 4959, 3460)",1,"(250, 107, 4960, 3460)",1,"(251, 107, 4960, 3460)",8,"(253, 107, 4962, 3462)",11,"(254, 107, 4982, 3486)",5,"(257, 110, 4993, 3489)",29,"(259, 110, 5013, 3506)",4,"(261, 110, 5017, 3506)",1,"(267, 116, 5017, 3509)",15,"(269, 117, 5027, 3519)",10,"(270, 117, 5047, 3521)",3,"(271, 117, 5050, 3521)",4,"(274, 120, 5051, 3524)",2,"(275, 120, 5054, 3525)",19,"(276, 120, 5101, 3525)",1,"(277, 120, 5102, 3526)",2,"(278, 120, 5102, 3526)",68,"(279, 120, 5191, 3546)",38,"(281, 122, 5221, 3568)",18,"(282, 122, 5237, 3582)",28,"(283, 122, 5242, 3582)",4,"(284, 122, 5249, 3589)",45,"(285, 122, 5281, 3663)",4,"(287, 123, 5287, 3663)",7,"(288, 123, 5288, 3670)",9,"(289, 123, 5302, 3692)",1,"(290, 123, 5302, 3701)",127,"(291, 124, 5431, 3783)",5,"(292, 125, 5432, 3792)",59,"(293, 125, 5504, 3830)",1,"(294, 125, 5505, 3830)",2,"(295, 125, 5505, 3830)",2,"(296, 125, 5509, 3830)",4,"(297, 125, 5509, 3831)",3,"(299, 125, 5511, 3831)",48,"(300, 125, 5563, 3850)",1,"(301, 125, 5564, 3855)",13,"(303, 125, 5574, 3855)",74,"(304, 125, 5618, 3861)",17,"(305, 126, 5639, 3863)",16,"(310, 130, 5664, 3865)",6,"(312, 131, 5682, 3867)",10,"(313, 131, 5687, 3882)",5,"(319, 137, 5693, 3890)",15,"(320, 137, 5719, 3898)",6,"(321, 137, 5767, 3908)",72,"(322, 138, 5909, 4047)",38,"(324, 140, 5937, 4069)",127,"(327, 143, 6145, 4402)",1,"(328, 143, 6156, 4402)",2,"(329, 143, 6158, 4402)",1,"(332, 145, 6158, 4405)",5,"(333, 145, 6163, 4406)",2,"(334, 145, 6165, 4406)",53,"(335, 145, 6253, 4494)",5,"(336, 145, 6258, 4504)",5,"(337, 145, 6259, 4504)",2,"(338, 145, 6259, 4504)",3,"(339, 145, 6261, 4507)",3,"(340, 145, 6262, 4508)",62,"(341, 145, 6311, 4532)",116,"(345, 147, 6390, 4690)",12,"(346, 147, 6410, 4711)",2,"(349, 148, 6412, 4712)",15,"(350, 149, 6437, 4776)",80,"(352, 149, 6569, 4821)",6,"(353, 150, 6571, 4832)",5,"(354, 150, 6580, 4857)",17,"(355, 151, 6609, 4909)",36,"(363, 159, 6639, 4957)",1,"(373, 169, 6641, 4963)",3,"(379, 175, 6645, 4967)",46,"(380, 175, 6683, 5046)",77,"(382, 175, 6744, 5122)",6,"(383, 175, 6752, 5126)",19,"(384, 175, 6757, 5137)",1,"(386, 175, 6758, 5139)",2,"(387, 175, 6759, 5140)",1,"(388, 175, 6762, 5144)",2,"(389, 175, 6764, 5144)",3,"(393, 177, 6766, 5147)",2,"(405, 183, 6767, 5151)",2,"(407, 183, 6770, 5155)",3,"(409, 183, 6771, 5155)",3,"(410, 184, 6773, 5157)",9,"(411, 184, 6778, 5157)",4,"(412, 184, 6778, 5157)",11,"(415, 187, 6788, 5172)",169,"(416, 187, 6889, 5277)",3,"(417, 187, 6889, 5277)",39,"(419, 189, 6902, 5293)",28,"(421, 189, 6906, 5298)",6,"(427, 193, 6907, 5305)",9,"(428, 193, 6910, 5314)",2,"(430, 193, 6915, 5329)",14,"(431, 193, 6930, 5329)",17,"(432, 193, 6943, 5340)",5,"(433, 193, 6946, 5354)",2,"(434, 193, 6949, 5356)",3,"(435, 193, 6950, 5356)",3,"(436, 193, 6953, 5357)",17,"(437, 193, 6963, 5361)",25,"(438, 193, 6990, 5391)",38,"(440, 194, 7006, 5405)",6,"(446, 200, 7007, 5424)",31,"(450, 204, 7020, 5467)",45,"(451, 204, 7069, 5491)",21,"(452, 204, 7132, 5498)",94,"(454, 204, 7219, 5569)",1,"(458, 207, 7219, 5573)",1,"(459, 207, 7219, 5573)",2,"(460, 207, 7221, 5573)",2,"(463, 210, 7230, 5576)",1,"(464, 210, 7230, 5576)",5,"(467, 213, 7232, 5579)",10,"(468, 213, 7239, 5579)",3,"(469, 213, 7239, 5579)",2,"(470, 213, 7239, 5579)",1,"(475, 217, 7239, 5579)",4,"(476, 217, 7240, 5583)",2,"(477, 217, 7240, 5583)",3,"(478, 217, 7242, 5583)",33,"(479, 218, 7256, 5585)",46,"(480, 218, 7262, 5587)",6,"(481, 218, 7263, 5587)",2,"(482, 218, 7265, 5589)",3,"(483, 218, 7265, 5589)",2,"(484, 218, 7266, 5590)",17,"(485, 218, 7279, 5593)",31,"(486, 218, 7283, 5595)",2,"(487, 218, 7283, 5595)",1,"(490, 221, 7283, 5598)",15,"(492, 221, 7287, 5607)",48,"(493, 221, 7320, 5674)",3,"(494, 222, 7323, 5675)",2,"(495, 222, 7325, 5677)",39,"(497, 224, 7342, 5700)",38,"(498, 225, 7360, 5733)",1,"(499, 226, 7362, 5733)",2,"(503, 226, 7363, 5739)",76,"(504, 226, 7397, 5767)",16,"(507, 228, 7399, 5814)",31,"(508, 228, 7414, 5822)",3,"(509, 228, 7414, 5822)",9,"(510, 228, 7416, 5822)",294,"(516, 234, 7566, 6083)",150,"(522, 240, 7636, 6116)",63,"(523, 241, 7653, 6143)",46,"(525, 241, 7678, 6221)",6,"(531, 247, 7681, 6229)",57,"(532, 247, 7700, 6252)"
CTU-Malware-Capture-Botnet-49_147.32.85.87,"(0, 0, 0, 0)",3667,"(1, 0, 15, 204)",6,"(2, 0, 16, 232)",4,"(5, 0, 17, 234)",5,"(6, 0, 18, 234)",28,"(10, 2, 19, 249)"
CTU-Malware-Capture-Botnet-49_147.32.85.89,"(0, 0, 0, 0)",4,"(1, 1, 0, 1)",5,"(2, 2, 1, 1)",5,"(3, 3, 1, 1)",5,"(4, 4, 1, 1)",5,"(5, 5, 1, 1)",5,"(6, 6, 1, 1)",5,"(7, 7, 1, 1)",5,"(8, 8, 1, 1)",5,"(9, 9, 1, 1)",5,"(10, 10, 1, 1)",5,"(11, 11, 1, 1)",5,"(12, 12, 1, 1)",5,"(13, 13, 1, 1)",5,"(14, 14, 1, 1)",5,"(15, 15, 1, 1)",5,"(16, 16, 1, 1)",5,"(17, 17, 2, 1)",5,"(18, 18, 2, 1)",5,"(19, 19, 2, 1)",5,"(20, 20, 2, 1)",5,"(21, 21, 2, 1)",5,"(22, 22, 2, 1)",5,"(23, 23, 2, 1)",5,"(24, 24, 2, 1)",5,"(25, 25, 2, 1)",5,"(26, 26, 2, 1)",5,"(27, 27, 2, 1)",5,"(28, 28, 2, 1)",5,"(29, 29, 2, 1)",5,"(30, 30, 2, 1)",5,"(31, 31, 2, 1)",5,"(32, 32, 2, 1)",5,"(33, 33, 2, 1)",5,"(34, 34, 2, 1)",5,"(35, 35, 2, 1)",5,"(36, 36, 2, 1)",5,"(37, 37, 2, 1)",5,"(38, 38, 2, 1)",5,"(39, 39, 2, 1)",5,"(40, 40, 2, 1)",5,"(41, 41, 2, 1)",5,"(42, 42, 2, 1)",5,"(43, 43, 2, 1)",5,"(44, 44, 2, 1)",5,"(45, 45, 2, 2)",5,"(46, 46, 2, 2)",5,"(47, 47, 3, 2)",5,"(48, 48, 3, 2)",5,"(49, 49, 3, 2)",5,"(50, 50, 3, 2)",5,"(51, 51, 3, 2)",5,"(52, 52, 3, 2)",5,"(53, 53, 3, 2)",5,"(54, 54, 3, 2)",5,"(55, 55, 3, 2)",5,"(56, 56, 3, 2)",5,"(57, 57, 3, 2)",5,"(58, 58, 3, 2)",5,"(59, 59, 3, 2)",5,"(60, 60, 3, 2)",5,"(61, 61, 3, 2)",5,"(62, 62, 3, 2)",5,"(63, 63, 3, 2)",5,"(64, 64, 3, 2)",5,"(65, 65, 3, 2)",5,"(66, 66, 3, 2)",5,"(67, 67, 3, 2)",5,"(68, 68, 3, 2)",5,"(69, 69, 3, 2)",5,"(70, 70, 3, 2)",5,"(71, 71, 3, 2)",5,"(72, 72, 3, 2)",5,"(73, 73, 3, 2)",5,"(74, 74, 3, 2)",5,"(75, 75, 3, 2)",5,"(76, 76, 3, 2)",5,"(77, 77, 3, 2)",5,"(78, 78, 3, 2)",5,"(79, 79, 3, 2)",5,"(80, 80, 3, 2)",5,"(81, 81, 3, 2)",5,"(82, 82, 3, 2)",5,"(83, 83, 3, 2)",5,"(84, 84, 3, 2)",5,"(85, 85, 3, 2)",5,"(86, 86, 3, 2)",5,"(87, 87, 3, 2)",5,"(88, 88, 3, 2)",5,"(89, 89, 3, 2)",5,"(90, 90, 3, 2)",5,"(91, 91, 3, 2)",5,"(92, 92, 3, 2)",5,"(93, 93, 3, 2)",5,"(94, 94, 3, 2)",5,"(95, 95, 3, 2)",5,"(96, 96, 3, 2)",5,"(97, 97, 3, 2)",5,"(98, 98, 3, 2)",5,"(99, 99, 3, 2)",5,"(100, 100, 3, 2)",5,"(101, 101, 3, 2)",5,"(102, 102, 3, 2)",5,"(103, 103, 3, 2)",5,"(104, 104, 3, 2)",5,"(105, 105, 3, 2)",5,"(106, 106, 3, 2)",5,"(107, 107, 3, 2)",5,"(108, 108, 3, 2)",5,"(109, 109, 3, 2)",5,"(110, 110, 3, 2)",5,"(111, 111, 3, 2)",5,"(112, 112, 3, 2)",5,"(113, 113, 3, 2)",5,"(114, 114, 3, 2)",5,"(115, 115, 3, 2)",5,"(116, 116, 3, 2)",5,"(117, 117, 3, 2)",5,"(118, 118, 3, 2)",5,"(119, 119, 3, 2)",5,"(120, 120, 3, 2)",5,"(121, 121, 3, 2)",5,"(122, 122, 3, 2)",5,"(123, 123, 3, 2)",5,"(124, 124, 3, 2)",5,"(125, 125, 3, 2)",5,"(126, 126, 3, 2)",5,"(127, 127, 3, 2)",5,"(128, 128, 3, 2)",5,"(129, 129, 3, 2)",5,"(130, 130, 3, 2)",5,"(131, 131, 3, 2)",5,"(132, 132, 3, 2)",5,"(133, 133, 3, 2)",5,"(134, 134, 3, 2)",5,"(135, 135, 3, 2)",5,"(136, 136, 3, 2)",5,"(137, 137, 3, 2)",5,"(138, 138, 3, 2)",5,"(139, 139, 3, 2)",5,"(140, 140, 3, 2)",5,"(141, 141, 3, 2)",5,"(142, 142, 3, 2)",5,"(143, 143, 3, 2)",5,"(144, 144, 3, 2)",5,"(145, 145, 3, 2)",5,"(146, 146, 3, 2)",5,"(147, 147, 3, 2)",5,"(148, 148, 3, 2)",5,"(149, 149, 3, 2)",5,"(150, 150, 3, 2)",5,"(151, 151, 5, 3)",5,"(152, 152, 5, 3)",5,"(153, 153, 5, 3)",5,"(154, 154, 5, 3)",5,"(155, 155, 5, 3)",5,"(156, 156, 5, 3)",5,"(157, 157, 5, 3)",5,"(158, 158, 5, 3)",5,"(159, 159, 5, 3)",5,"(160, 160, 5, 3)",5,"(161, 161, 5, 3)",5,"(162, 162, 5, 3)",5,"(163, 163, 5, 3)",5,"(164, 164, 5, 3)",5,"(165, 165, 5, 3)",5,"(166, 166, 5, 3)",5,"(167, 167, 5, 3)",5,"(168, 168, 5, 3)",5,"(169, 169, 5, 3)",5,"(170, 170, 5, 3)",5,"(171, 171, 5, 3)",5,"(172, 172, 5, 3)",5,"(173, 173, 5, 3)",5,"(174, 174, 5, 3)",5,"(175, 175, 5, 3)",5,"(176, 176, 5, 3)",5,"(177, 177, 5, 3)",5,"(178, 178, 5, 3)",5,"(179, 179, 5, 3)",5,"(180, 180, 5, 3)",5,"(181, 181, 5, 3)",5,"(182, 182, 5, 3)",5,"(183, 183, 5, 3)",5,"(184, 184, 6, 4)",5,"(185, 185, 6, 4)",5,"(186, 186, 6, 4)",5,"(187, 187, 6, 4)",5,"(188, 188, 6, 4)",5,"(189, 189, 6, 4)",5,"(190, 190, 6, 4)",5,"(191, 191, 6, 4)",5,"(192, 192, 6, 4)",5,"(193, 193, 6, 4)",5,"(194, 194, 6, 4)",5,"(195, 195, 6, 4)",5,"(196, 196, 6, 4)",5,"(197, 197, 6, 4)",5,"(198, 198, 6, 4)",5,"(199, 199, 6, 4)",5,"(200, 200, 7, 4)",5,"(201, 201, 7, 4)",5,"(202, 202, 7, 4)",5,"(203, 203, 7, 4)",5,"(204, 204, 7, 4)",5,"(205, 205, 7, 4)",5,"(206, 206, 7, 4)",5,"(207, 207, 7, 4)",5,"(208, 208, 7, 4)",5,"(209, 209, 7, 4)",5,"(210, 210, 7, 4)",5,"(211, 211, 7, 4)",5,"(212, 212, 8, 4)",5,"(213, 213, 8, 4)",5,"(214, 214, 8, 4)",5,"(215, 215, 8, 4)",5,"(216, 216, 8, 4)",5,"(217, 217, 8, 4)",5,"(218, 218, 8, 4)",5,"(219, 219, 8, 4)",5,"(220, 220, 8, 4)",5,"(221, 221, 8, 4)",5,"(222, 222, 8, 4)",5,"(223, 223, 8, 4)",5,"(224, 224, 8, 4)",5,"(225, 225, 8, 4)",5,"(226, 226, 8, 4)",5,"(227, 227, 8, 4)",5,"(228, 228, 8, 4)",5,"(229, 229, 8, 4)",5,"(230, 230, 8, 4)",5,"(231, 231, 8, 4)",5,"(232, 232, 8, 4)",5,"(233, 233, 8, 4)",5,"(234, 234, 8, 4)",5,"(235, 235, 8, 4)",5,"(236, 236, 8, 4)",5,"(237, 237, 8, 4)",5,"(238, 238, 8, 4)",5,"(239, 239, 8, 4)",5,"(240, 240, 8, 4)",5,"(241, 241, 8, 4)",5,"(242, 242, 8, 4)",5,"(243, 243, 8, 4)",5,"(244, 244, 8, 4)",5,"(245, 245, 8, 4)",5,"(246, 246, 8, 4)",5,"(247, 247, 8, 4)",5,"(248, 248, 8, 4)",5,"(249, 249, 8, 4)",5,"(250, 250, 8, 4)",5,"(251, 251, 8, 4)",5,"(252, 252, 8, 4)",5,"(253, 253, 8, 4)",5,"(254, 254, 8, 4)",5,"(255, 255, 8, 4)",5,"(256, 256, 9, 5)",5,"(257, 257, 9, 5)",5,"(258, 258, 9, 5)",5,"(259, 259, 9, 5)",5,"(260, 260, 9, 5)",5,"(261, 261, 9, 5)",5,"(262, 262, 9, 5)",5,"(263, 263, 9, 5)",10,"(264, 264, 9, 5)",5,"(265, 265, 9, 5)",5,"(266, 266, 9, 5)",5,"(267, 267, 9, 5)",5,"(268, 268, 9, 5)",5,"(269, 269, 9, 5)",5,"(270, 270, 9, 5)",5,"(271, 271, 9, 5)",5,"(272, 272, 9, 5)",5,"(273, 273, 9, 5)",5,"(274, 274, 9, 5)",5,"(275, 275, 9, 5)",5,"(276, 276, 9, 5)",5,"(277, 277, 9, 5)",5,"(278, 278, 9, 5)",5,"(279, 279, 9, 5)",5,"(280, 280, 9, 5)",5,"(281, 281, 9, 5)",5,"(282, 282, 9, 5)",5,"(283, 283, 9, 5)",5,"(284, 284, 9, 5)",5,"(285, 285, 9, 5)",5,"(286, 286, 9, 5)",5,"(287, 287, 9, 5)",5,"(288, 288, 9, 5)",5,"(289, 289, 9, 5)",5,"(290, 290, 9, 5)",5,"(291, 291, 9, 5)",5,"(292, 292, 9, 5)",5,"(293, 293, 9, 5)",5,"(294, 294, 9, 5)",5,"(295, 295, 9, 5)",5,"(296, 296, 9, 5)",5,"(297, 297, 9, 5)",5,"(298, 298, 9, 5)",5,"(299, 299, 9, 5)",5,"(300, 300, 9, 5)",5,"(301, 301, 9, 5)",5,"(302, 302, 9, 5)",5,"(303, 303, 9, 5)",5,"(304, 304, 9, 5)",5,"(305, 305, 9, 5)",5,"(306, 306, 9, 5)",5,"(307, 307, 9, 5)",5,"(308, 308, 9, 5)",5,"(309, 309, 9, 5)",5,"(310, 310, 9, 5)",5,"(311, 311, 9, 5)",5,"(312, 312, 9, 5)",5,"(313, 313, 9, 5)",5,"(314, 314, 9, 5)",5,"(315, 315, 9, 5)",5,"(316, 316, 9, 5)",5,"(317, 317, 9, 5)",5,"(318, 318, 9, 5)",5,"(319, 319, 9, 5)",5,"(320, 320, 9, 5)",5,"(321, 321, 9, 5)",5,"(322, 322, 9, 5)",5,"(323, 323, 9, 5)",5,"(324, 324, 9, 5)",5,"(325, 325, 9, 5)",5,"(326, 326, 9, 5)",5,"(327, 327, 9, 5)",5,"(328, 328, 9, 5)",5,"(329, 329, 9, 5)",5,"(330, 330, 9, 5)",5,"(331, 331, 9, 5)",5,"(332, 332, 9, 5)",5,"(333, 333, 9, 5)",5,"(334, 334, 9, 5)",5,"(335, 335, 9, 5)",5,"(336, 336, 9, 5)",5,"(337, 337, 9, 5)",5,"(338, 338, 9, 5)",5,"(339, 339, 9, 5)",5,"(340, 340, 9, 5)",5,"(341, 341, 9, 5)",5,"(342, 342, 9, 5)",5,"(343, 343, 9, 5)",5,"(344, 344, 9, 5)",5,"(345, 345, 9, 5)",5,"(346, 346, 9, 5)",5,"(347, 347, 9, 5)",5,"(348, 348, 9, 5)",5,"(349, 349, 9, 5)",5,"(350, 350, 9, 5)",5,"(351, 351, 9, 5)",5,"(352, 352, 9, 5)",5,"(353, 353, 9, 5)",5,"(354, 354, 9, 5)",5,"(355, 355, 9, 5)",5,"(356, 356, 9, 5)",5,"(357, 357, 9, 5)",5,"(358, 358, 9, 5)",5,"(359, 359, 9, 5)",5,"(360, 360, 9, 5)",5,"(361, 361, 9, 5)",5,"(362, 362, 9, 5)",5,"(363, 363, 9, 5)",5,"(364, 364, 9, 5)",5,"(365, 365, 9, 5)",5,"(366, 366, 9, 5)",5,"(367, 367, 9, 5)",5,"(368, 368, 9, 5)",5,"(369, 369, 9, 5)",5,"(370, 370, 9, 5)",5,"(371, 371, 9, 5)",5,"(372, 372, 9, 5)",5,"(373, 373, 9, 5)",5,"(374, 374, 9, 5)",5,"(375, 375, 9, 5)",5,"(376, 376, 9, 5)",5,"(377, 377, 9, 5)",5,"(378, 378, 9, 5)",5,"(379, 379, 9, 5)",5,"(380, 380, 9, 5)",5,"(381, 381, 9, 5)",5,"(382, 382, 9, 5)",5,"(383, 383, 9, 5)",5,"(384, 384, 9, 5)",5,"(385, 385, 9, 5)",5,"(386, 386, 9, 5)",5,"(387, 387, 9, 5)",5,"(388, 388, 9, 5)",5,"(389, 389, 9, 5)",5,"(390, 390, 9, 5)",5,"(391, 391, 9, 5)",5,"(392, 392, 9, 5)",5,"(393, 393, 9, 5)",5,"(394, 394, 9, 5)",5,"(395, 395, 9, 5)",5,"(396, 396, 9, 5)",5,"(397, 397, 9, 5)",5,"(398, 398, 9, 5)",5,"(399, 399, 9, 5)",5,"(400, 400, 9, 5)",5,"(401, 401, 9, 5)",5,"(402, 402, 9, 5)",5,"(403, 403, 9, 5)",5,"(404, 404, 9, 5)",5,"(405, 405, 9, 5)",5,"(406, 406, 9, 5)",5,"(407, 407, 9, 5)",5,"(408, 408, 9, 5)",5,"(409, 409, 9, 5)",5,"(410, 410, 9, 5)",5,"(411, 411, 9, 5)",5,"(412, 412, 9, 5)",5,"(413, 413, 9, 5)",5,"(414, 414, 9, 5)",5,"(415, 415, 9, 5)",5,"(416, 416, 9, 5)",5,"(417, 417, 9, 5)",5,"(418, 418, 9, 5)",5,"(419, 419, 9, 5)",5,"(420, 420, 9, 5)",5,"(421, 421, 9, 5)",5,"(422, 422, 9, 5)",5,"(423, 423, 9, 5)",5,"(424, 424, 9, 5)",5,"(425, 425, 9, 5)",5,"(426, 426, 9, 5)",5,"(427, 427, 9, 5)",5,"(428, 428, 9, 5)",5,"(429, 429, 9, 5)",5,"(430, 430, 9, 5)",5,"(431, 431, 9, 5)",5,"(432, 432, 9, 5)",5,"(433, 433, 9, 5)",5,"(434, 434, 9, 5)",5,"(435, 435, 9, 5)",5,"(436, 436, 9, 5)",5,"(437, 437, 9, 5)",5,"(438, 438, 9, 5)",5,"(439, 439, 9, 5)",5,"(440, 440, 9, 5)",5,"(441, 441, 9, 5)",5,"(442, 442, 9, 5)",5,"(443, 443, 9, 5)",5,"(444, 444, 9, 5)",5,"(445, 445, 9, 5)",5,"(446, 446, 9, 5)",5,"(447, 447, 9, 5)",5,"(448, 448, 9, 5)",5,"(449, 449, 9, 5)",5,"(450, 450, 9, 5)",5,"(451, 451, 9, 5)",5,"(452, 452, 9, 5)",5,"(453, 453, 9, 5)",5,"(454, 454, 9, 5)",5,"(455, 455, 9, 5)",5,"(456, 456, 9, 5)",5,"(457, 457, 9, 5)",5,"(458, 458, 9, 5)",5,"(459, 459, 9, 5)",5,"(460, 460, 9, 5)",5,"(461, 461, 9, 5)",5,"(462, 462, 9, 5)",5,"(463, 463, 9, 5)",5,"(464, 464, 9, 5)",5,"(465, 465, 9, 5)",5,"(466, 466, 9, 5)",5,"(467, 467, 9, 5)",5,"(468, 468, 9, 5)",5,"(469, 469, 9, 5)",5,"(470, 470, 9, 5)",5,"(471, 471, 9, 5)",5,"(472, 472, 9, 5)",5,"(473, 473, 9, 5)",5,"(474, 474, 9, 5)",5,"(475, 475, 9, 5)",5,"(476, 476, 9, 5)",5,"(477, 477, 9, 5)",5,"(478, 478, 9, 5)",19,"(479, 479, 9, 5)",5,"(480, 480, 9, 5)",5,"(481, 481, 9, 5)",10,"(482, 482, 9, 5)",5,"(483, 483, 9, 5)",5,"(484, 484, 9, 5)",5,"(485, 485, 9, 5)",5,"(486, 486, 9, 5)",5,"(487, 487, 9, 5)",5,"(488, 488, 9, 5)",5,"(489, 489, 9, 5)",5,"(490, 490, 9, 5)",5,"(491, 491, 9, 5)",5,"(492, 492, 9, 5)",5,"(493, 493, 9, 5)",5,"(494, 494, 9, 5)",5,"(495, 495, 9, 5)",5,"(496, 496, 9, 5)",5,"(497, 497, 9, 5)",5,"(498, 498, 9, 5)",5,"(499, 499, 9, 5)",5,"(500, 500, 9, 5)",5,"(501, 501, 9, 5)",5,"(502, 502, 9, 5)",5,"(503, 503, 9, 5)",5,"(504, 504, 9, 5)",5,"(505, 505, 9, 5)",5,"(506, 506, 9, 5)",5,"(507, 507, 9, 5)",5,"(508, 508, 9, 5)",5,"(509, 509, 9, 5)",5,"(510, 510, 9, 5)",5,"(511, 511, 9, 5)",5,"(512, 512, 9, 5)",5,"(513, 513, 9, 5)",5,"(514, 514, 9, 5)",5,"(515, 515, 9, 5)",5,"(516, 516, 9, 5)",5,"(517, 517, 9, 5)",5,"(518, 518, 9, 5)",5,"(519, 519, 9, 5)",5,"(520, 520, 9, 5)",5,"(521, 521, 9, 5)",5,"(522, 522, 9, 5)",5,"(523, 523, 9, 5)",5,"(524, 524, 9, 5)",5,"(525, 525, 9, 5)",5,"(526, 526, 9, 5)",5,"(527, 527, 9, 5)",5,"(528, 528, 9, 5)",5,"(529, 529, 9, 5)",5,"(530, 530, 9, 5)",5,"(531, 531, 9, 5)",5,"(532, 532, 9, 5)",5,"(533, 533, 9, 5)",5,"(534, 534, 9, 5)",5,"(535, 535, 9, 5)",5,"(536, 536, 9, 5)",5,"(537, 537, 9, 5)",5,"(538, 538, 9, 5)",5,"(539, 539, 9, 5)",5,"(540, 540, 9, 5)",5,"(541, 541, 9, 5)",5,"(542, 542, 9, 5)",5,"(543, 543, 9, 5)",5,"(544, 544, 9, 5)",5,"(545, 545, 9, 5)",5,"(546, 546, 9, 5)",5,"(547, 547, 9, 5)",5,"(548, 548, 9, 5)",5,"(549, 549, 9, 5)",5,"(550, 550, 9, 5)",5,"(551, 551, 9, 5)",5,"(552, 552, 9, 5)",5,"(553, 553, 9, 5)",5,"(554, 554, 9, 5)",5,"(555, 555, 9, 5)",5,"(556, 556, 9, 5)",5,"(557, 557, 9, 5)",5,"(558, 558, 9, 5)",5,"(559, 559, 9, 5)",5,"(560, 560, 9, 5)",5,"(561, 561, 9, 5)",5,"(562, 562, 9, 5)",5,"(563, 563, 9, 5)",5,"(564, 564, 9, 5)",5,"(565, 565, 9, 5)",5,"(566, 566, 9, 5)",5,"(567, 567, 9, 5)",5,"(568, 568, 9, 5)",5,"(569, 569, 9, 5)",5,"(570, 570, 9, 5)",5,"(571, 571, 9, 5)",5,"(572, 572, 9, 5)",5,"(573, 573, 9, 5)",5,"(574, 574, 9, 5)",5,"(575, 575, 9, 5)",5,"(576, 576, 9, 5)",5,"(577, 577, 9, 5)",5,"(578, 578, 9, 5)",5,"(579, 579, 9, 5)",5,"(580, 580, 9, 5)",5,"(581, 581, 9, 5)",5,"(582, 582, 9, 5)",5,"(583, 583, 9, 5)",5,"(584, 584, 9, 5)",5,"(585, 585, 9, 5)",5,"(586, 586, 9, 5)",5,"(587, 587, 9, 5)",5,"(588, 588, 9, 5)",5,"(589, 589, 9, 5)",5,"(590, 590, 9, 5)",5,"(591, 591, 9, 5)",5,"(592, 592, 9, 5)",5,"(593, 593, 9, 5)",5,"(594, 594, 9, 5)",5,"(595, 595, 9, 5)",5,"(596, 596, 9, 5)",5,"(597, 597, 9, 5)",5,"(598, 598, 9, 5)",5,"(599, 599, 9, 5)",5,"(600, 600, 9, 5)",5,"(601, 601, 9, 5)",5,"(602, 602, 9, 5)",5,"(603, 603, 9, 5)",5,"(604, 604, 9, 5)",5,"(605, 605, 9, 5)",5,"(606, 606, 9, 5)",5,"(607, 607, 9, 5)",5,"(608, 608, 9, 5)",5,"(609, 609, 9, 5)",10,"(610, 610, 9, 5)",5,"(611, 611, 9, 5)",5,"(612, 612, 9, 5)",5,"(613, 613, 9, 5)",5,"(614, 614, 9, 5)",5,"(615, 615, 9, 5)",5,"(616, 616, 9, 5)",5,"(617, 617, 9, 5)",5,"(618, 618, 9, 5)",5,"(619, 619, 9, 5)",5,"(620, 620, 9, 5)",5,"(621, 621, 9, 5)",5,"(622, 622, 9, 5)",5,"(623, 623, 9, 5)",5,"(624, 624, 9, 5)",5,"(625, 625, 9, 5)",5,"(626, 626, 9, 5)",5,"(627, 627, 9, 5)",5,"(628, 628, 9, 5)",5,"(629, 629, 9, 5)",5,"(630, 630, 9, 5)",5,"(631, 631, 9, 5)",5,"(632, 632, 9, 5)",5,"(633, 633, 9, 5)",5,"(634, 634, 9, 5)",5,"(635, 635, 9, 5)",5,"(636, 636, 9, 5)",5,"(637, 637, 9, 5)",5,"(638, 638, 9, 5)",5,"(639, 639, 9, 5)",5,"(640, 640, 9, 5)",5,"(641, 641, 9, 5)",5,"(642, 642, 9, 5)",5,"(643, 643, 9, 5)",5,"(644, 644, 9, 5)",5,"(645, 645, 9, 5)",5,"(646, 646, 9, 5)",5,"(647, 647, 9, 5)",5,"(648, 648, 9, 5)",5,"(649, 649, 9, 5)",5,"(650, 650, 9, 5)",5,"(651, 651, 9, 5)",5,"(652, 652, 9, 5)",5,"(653, 653, 9, 5)",5,"(654, 654, 9, 5)",5,"(655, 655, 9, 5)",5,"(656, 656, 9, 5)",5,"(657, 657, 9, 5)",5,"(658, 658, 9, 5)",5,"(659, 659, 9, 5)",5,"(660, 660, 9, 5)",5,"(661, 661, 9, 5)",5,"(662, 662, 9, 5)",5,"(663, 663, 9, 5)",5,"(664, 664, 9, 5)",5,"(665, 665, 9, 5)",5,"(666, 666, 9, 5)",5,"(667, 667, 9, 5)",5,"(668, 668, 9, 5)",5,"(669, 669, 9, 5)",5,"(670, 670, 9, 5)",5,"(671, 671, 9, 5)",5,"(672, 672, 9, 5)",5,"(673, 673, 9, 5)",5,"(674, 674, 9, 5)",5,"(675, 675, 9, 5)",5,"(676, 676, 9, 5)",5,"(677, 677, 9, 5)",5,"(678, 678, 9, 5)",5,"(679, 679, 9, 5)",5,"(680, 680, 9, 5)",5,"(681, 681, 9, 5)",5,"(682, 682, 9, 5)",5,"(683, 683, 9, 5)",5,"(684, 684, 9, 5)",5,"(685, 685, 9, 5)",5,"(686, 686, 9, 5)",5,"(687, 687, 9, 5)",5,"(688, 688, 9, 5)",5,"(689, 689, 9, 5)",5,"(690, 690, 9, 5)",5,"(691, 691, 9, 5)",5,"(692, 692, 9, 5)",5,"(693, 693, 9, 5)",5,"(694, 694, 9, 5)",5,"(695, 695, 9, 5)",5,"(696, 696, 9, 5)",5,"(697, 697, 9, 5)",5,"(698, 698, 9, 5)",5,"(699, 699, 9, 5)",5,"(700, 700, 9, 5)",5,"(701, 701, 9, 5)",5,"(702, 702, 9, 5)",5,"(703, 703, 9, 5)",5,"(704, 704, 9, 5)",5,"(705, 705, 9, 5)",5,"(706, 706, 9, 5)",5,"(707, 707, 9, 5)",5,"(708, 708, 9, 5)",5,"(709, 709, 9, 5)",5,"(710, 710, 9, 5)",5,"(711, 711, 9, 5)",5,"(712, 712, 9, 5)",5,"(713, 713, 9, 5)",5,"(714, 714, 9, 5)",5,"(715, 715, 9, 5)",5,"(716, 716, 9, 5)",5,"(717, 717, 9, 5)",5,"(718, 718, 9, 5)",5,"(719, 719, 9, 5)",5,"(720, 720, 9, 5)",5,"(721, 721, 9, 5)",5,"(722, 722, 9, 5)",5,"(723, 723, 9, 5)",5,"(724, 724, 9, 5)",5,"(725, 725, 9, 5)",5,"(726, 726, 9, 5)",5,"(727, 727, 9, 5)",5,"(728, 728, 9, 5)",5,"(729, 729, 9, 5)",5,"(730, 730, 9, 5)",5,"(731, 731, 9, 5)",5,"(732, 732, 9, 5)",5,"(733, 733, 9, 5)",5,"(734, 734, 9, 5)",5,"(735, 735, 9, 5)",5,"(736, 736, 9, 5)",5,"(737, 737, 9, 5)",5,"(738, 738, 9, 5)",5,"(739, 739, 9, 5)",5,"(740, 740, 9, 5)",5,"(741, 741, 9, 5)",5,"(742, 742, 9, 5)",5,"(743, 743, 9, 5)",5,"(744, 744, 9, 5)",5,"(745, 745, 9, 5)",5,"(746, 746, 9, 5)",5,"(747, 747, 9, 5)",5,"(748, 748, 9, 5)",5,"(749, 749, 9, 5)",5,"(750, 750, 9, 5)",5,"(751, 751, 9, 5)",5,"(752, 752, 9, 5)",5,"(753, 753, 9, 5)",5,"(754, 754, 9, 5)",5,"(755, 755, 9, 5)",5,"(756, 756, 9, 5)",5,"(757, 757, 9, 5)",5,"(758, 758, 9, 5)",5,"(759, 759, 9, 5)",5,"(760, 760, 9, 5)",5,"(761, 761, 9, 5)",5,"(762, 762, 9, 5)",5,"(763, 763, 9, 5)",5,"(764, 764, 9, 5)",5,"(765, 765, 9, 5)",5,"(766, 766, 9, 5)",5,"(767, 767, 9, 5)",5,"(768, 768, 9, 5)",5,"(769, 769, 9, 5)",5,"(770, 770, 9, 5)",5,"(771, 771, 9, 5)",5,"(772, 772, 9, 5)",5,"(773, 773, 9, 5)",5,"(774, 774, 9, 5)",5,"(775, 775, 9, 5)",5,"(776, 776, 9, 5)",5,"(777, 777, 9, 5)",5,"(778, 778, 9, 5)",5,"(779, 779, 9, 5)",5,"(780, 780, 9, 5)",5,"(781, 781, 9, 5)",5,"(782, 782, 9, 5)",5,"(783, 783, 9, 5)",5,"(784, 784, 9, 5)",5,"(785, 785, 9, 5)",5,"(786, 786, 9, 5)",5,"(787, 787, 9, 5)",5,"(788, 788, 9, 5)",5,"(789, 789, 9, 5)",5,"(790, 790, 9, 5)",5,"(791, 791, 9, 5)",5,"(792, 792, 9, 5)",5,"(793, 793, 9, 5)",5,"(794, 794, 9, 5)",5,"(795, 795, 9, 5)",5,"(796, 796, 9, 5)",5,"(797, 797, 9, 5)",5,"(798, 798, 9, 5)",5,"(799, 799, 9, 5)",5,"(800, 800, 9, 5)",5,"(801, 801, 9, 5)",5,"(802, 802, 9, 5)",5,"(803, 803, 9, 5)",5,"(804, 804, 9, 5)",5,"(805, 805, 9, 5)",5,"(806, 806, 9, 5)",5,"(807, 807, 9, 5)",5,"(808, 808, 9, 5)",5,"(809, 809, 9, 5)",5,"(810, 810, 9, 5)",5,"(811, 811, 9, 5)",5,"(812, 812, 9, 5)",5,"(813, 813, 9, 5)",5,"(814, 814, 9, 5)",5,"(815, 815, 9, 5)",5,"(816, 816, 9, 5)",5,"(817, 817, 9, 5)",5,"(818, 818, 9, 5)",5,"(819, 819, 9, 5)",5,"(820, 820, 9, 5)",5,"(821, 821, 9, 5)",5,"(822, 822, 9, 5)",5,"(823, 823, 9, 5)",5,"(824, 824, 9, 5)",5,"(825, 825, 9, 5)",5,"(826, 826, 9, 5)",5,"(827, 827, 9, 5)",5,"(828, 828, 9, 5)",5,"(829, 829, 9, 5)",5,"(830, 830, 9, 5)",5,"(831, 831, 9, 5)",5,"(832, 832, 9, 5)",5,"(833, 833, 9, 5)",5,"(834, 834, 9, 5)",5,"(835, 835, 9, 5)",5,"(836, 836, 9, 5)",5,"(837, 837, 9, 5)",5,"(838, 838, 9, 5)",5,"(839, 839, 9, 5)",5,"(840, 840, 9, 5)",5,"(841, 841, 9, 5)",5,"(842, 842, 9, 5)",5,"(843, 843, 9, 5)",5,"(844, 844, 9, 5)",5,"(845, 845, 9, 5)",5,"(846, 846, 9, 5)",5,"(847, 847, 9, 5)",5,"(848, 848, 9, 5)",5,"(849, 849, 9, 5)",5,"(850, 850, 9, 5)",5,"(851, 851, 9, 5)",5,"(852, 852, 9, 5)",5,"(853, 853, 9, 5)",5,"(854, 854, 9, 5)",5,"(855, 855, 9, 5)",5,"(856, 856, 9, 5)",5,"(857, 857, 9, 5)",5,"(858, 858, 9, 5)",5,"(859, 859, 9, 5)",5,"(860, 860, 9, 5)",5,"(861, 861, 9, 5)",5,"(862, 862, 9, 5)",5,"(863, 863, 9, 5)",5,"(864, 864, 9, 5)",5,"(865, 865, 9, 5)",5,"(866, 866, 9, 5)",5,"(867, 867, 9, 5)",5,"(868, 868, 9, 5)",5,"(869, 869, 9, 5)",5,"(870, 870, 9, 5)",5,"(871, 871, 9, 5)",5,"(872, 872, 9, 5)",5,"(873, 873, 9, 5)",5,"(874, 874, 9, 5)",5,"(875, 875, 9, 5)",5,"(876, 876, 9, 5)",5,"(877, 877, 9, 5)",5,"(878, 878, 9, 5)",5,"(879, 879, 9, 5)",5,"(880, 880, 9, 5)",5,"(881, 881, 9, 5)",5,"(882, 882, 9, 5)",5,"(883, 883, 9, 5)",5,"(884, 884, 9, 5)",5,"(885, 885, 9, 5)",5,"(886, 886, 9, 5)",5,"(887, 887, 9, 5)",5,"(888, 888, 9, 5)",5,"(889, 889, 9, 5)",5,"(890, 890, 9, 5)",5,"(891, 891, 9, 5)",5,"(892, 892, 9, 5)",5,"(893, 893, 9, 5)",5,"(894, 894, 9, 5)",5,"(895, 895, 9, 5)",5,"(896, 896, 9, 5)",5,"(897, 897, 9, 5)",5,"(898, 898, 9, 5)",5,"(899, 899, 9, 5)",5,"(900, 900, 9, 5)",5,"(901, 901, 9, 5)",5,"(902, 902, 9, 5)",5,"(903, 903, 9, 5)",5,"(904, 904, 9, 5)",5,"(905, 905, 9, 5)",5,"(906, 906, 9, 5)",10,"(907, 907, 9, 5)",5,"(908, 908, 9, 5)",5,"(909, 909, 9, 5)",5,"(910, 910, 9, 5)",5,"(911, 911, 9, 5)",5,"(912, 912, 9, 5)",5,"(913, 913, 9, 5)",5,"(914, 914, 9, 5)",5,"(915, 915, 9, 5)",5,"(916, 916, 9, 5)",5,"(917, 917, 9, 5)",5,"(918, 918, 9, 5)",5,"(919, 919, 9, 5)",5,"(920, 920, 9, 5)",5,"(921, 921, 9, 5)",5,"(922, 922, 9, 5)",5,"(923, 923, 9, 5)",5,"(924, 924, 9, 5)",5,"(925, 925, 9, 5)",5,"(926, 926, 9, 5)",5,"(927, 927, 9, 5)",5,"(928, 928, 9, 5)",5,"(929, 929, 9, 5)",5,"(930, 930, 9, 5)",5,"(931, 931, 9, 5)",5,"(932, 932, 9, 5)",5,"(933, 933, 9, 5)",5,"(934, 934, 9, 5)",5,"(935, 935, 9, 5)",5,"(936, 936, 9, 5)",5,"(937, 937, 9, 5)",5,"(938, 938, 9, 5)",5,"(939, 939, 9, 5)",5,"(940, 940, 9, 5)",5,"(941, 941, 9, 5)",5,"(942, 942, 9, 5)",5,"(943, 943, 9, 5)",5,"(944, 944, 9, 5)",5,"(945, 945, 9, 5)",5,"(946, 946, 9, 5)",5,"(947, 947, 9, 5)",5,"(948, 948, 9, 5)",5,"(949, 949, 9, 5)",5,"(950, 950, 9, 5)",5,"(951, 951, 9, 5)",5,"(952, 952, 9, 5)",5,"(953, 953, 9, 5)",5,"(954, 954, 9, 5)",5,"(955, 955, 9, 5)",5,"(956, 956, 9, 5)",5,"(957, 957, 9, 5)",5,"(958, 958, 9, 5)",5,"(959, 959, 9, 5)",5,"(960, 960, 9, 5)",5,"(961, 961, 9, 5)",5,"(962, 962, 9, 5)",5,"(963, 963, 9, 5)",5,"(964, 964, 9, 5)",5,"(965, 965, 9, 5)",5,"(966, 966, 9, 5)",5,"(967, 967, 9, 5)",5,"(968, 968, 9, 5)",5,"(969, 969, 9, 5)",5,"(970, 970, 9, 5)",5,"(971, 971, 9, 5)",5,"(972, 972, 9, 5)",5,"(973, 973, 9, 5)",5,"(974, 974, 9, 5)",5,"(975, 975, 9, 5)",5,"(976, 976, 9, 5)",5,"(977, 977, 9, 5)",5,"(978, 978, 9, 5)",5,"(979, 979, 9, 5)",5,"(980, 980, 9, 5)",5,"(981, 981, 9, 5)",5,"(982, 982, 9, 5)",5,"(983, 983, 9, 5)",5,"(984, 984, 9, 5)",5,"(985, 985, 9, 5)",5,"(986, 986, 9, 5)",5,"(987, 987, 9, 5)",5,"(988, 988, 9, 5)",5,"(989, 989, 9, 5)",5,"(990, 990, 9, 5)",5,"(991, 991, 9, 5)",5,"(992, 992, 9, 5)",5,"(993, 993, 9, 5)",5,"(994, 994, 9, 5)",5,"(995, 995, 9, 5)",5,"(996, 996, 9, 5)",5,"(997, 997, 9, 5)",5,"(998, 998, 9, 5)",5,"(999, 999, 9, 5)",5,"(1000, 1000, 9, 5)",5,"(1001, 1001, 9, 5)",5,"(1002, 1002, 9, 5)",5,"(1003, 1003, 9, 5)",5,"(1004, 1004, 9, 5)",5,"(1005, 1005, 9, 5)",5,"(1006, 1006, 9, 5)",5,"(1007, 1007, 9, 5)",5,"(1008, 1008, 9, 5)",5,"(1009, 1009, 9, 5)",5,"(1010, 1010, 9, 5)",5,"(1011, 1011, 9, 5)",5,"(1012, 1012, 9, 5)",5,"(1013, 1013, 9, 5)",5,"(1014, 1014, 9, 5)",5,"(1015, 1015, 9, 5)",5,"(1016, 1016, 9, 5)",5,"(1017, 1017, 9, 5)",5,"(1018, 1018, 9, 5)",5,"(1019, 1019, 9, 5)",5,"(1020, 1020, 9, 5)",5,"(1021, 1021, 9, 5)",5,"(1022, 1022, 9, 5)",5,"(1023, 1023, 9, 5)",5,"(1024, 1024, 9, 5)",5,"(1025, 1025, 9, 5)",5,"(1026, 1026, 9, 5)",5,"(1027, 1027, 9, 5)",5,"(1028, 1028, 9, 5)",5,"(1029, 1029, 9, 5)",5,"(1030, 1030, 9, 5)",5,"(1031, 1031, 9, 5)",5,"(1032, 1032, 9, 5)",5,"(1033, 1033, 9, 5)",5,"(1034, 1034, 9, 5)",5,"(1035, 1035, 9, 5)",5,"(1036, 1036, 9, 5)",5,"(1037, 1037, 9, 5)",5,"(1038, 1038, 9, 5)",5,"(1039, 1039, 9, 5)",5,"(1040, 1040, 9, 5)",5,"(1041, 1041, 9, 5)",5,"(1042, 1042, 9, 5)",5,"(1043, 1043, 10, 5)",5,"(1044, 1044, 10, 5)",5,"(1045, 1045, 10, 5)",5,"(1046, 1046, 11, 5)",5,"(1047, 1047, 11, 5)",5,"(1048, 1048, 11, 5)",5,"(1049, 1049, 11, 5)",5,"(1050, 1050, 11, 5)",5,"(1051, 1051, 11, 5)",5,"(1052, 1052, 11, 5)",5,"(1053, 1053, 11, 5)",5,"(1054, 1054, 11, 5)",5,"(1055, 1055, 11, 5)",5,"(1056, 1056, 11, 5)",5,"(1057, 1057, 11, 5)",5,"(1058, 1058, 11, 5)"
CTU-Malware-Capture-Botnet-49_147.32.84.94,"(0, 0, 8, 0)",570,"(4, 4, 1480, 59)",620,"(8, 8, 2645, 193)",848,"(41, 14, 3700, 299)",1378,"(45, 18, 4881, 374)",2,"(49, 22, 4881, 374)",996,"(63, 24, 5413, 407)"
CTU-Malware-Capture-Botnet-49_147.32.85.34,"(0, 0, 1, 3)",2533,"(2, 2, 23, 204)",2,"(4, 4, 23, 204)",403,"(6, 6, 25, 211)",24,"(8, 8, 25, 211)",1246,"(10, 9, 32, 231)",329,"(12, 11, 35, 240)"
CTU-Malware-Capture-Botnet-49_147.32.85.74,"(0, 0, 0, 0)",3074,"(1, 0, 10, 7)"
CTU-Malware-Capture-Botnet-49_147.32.85.7,"(0, 0, 0, 0)",2272,"(6, 6, 88, 222)",262,"(12, 12, 105, 244)",285,"(18, 18, 121, 264)",647,"(24, 24, 129, 281)",128,"(30, 30, 133, 311)",1660,"(36, 36, 139, 337)"
CTU-Malware-Capture-Botnet-49_147.32.86.187,"(0, 0, 0, 0)",202,"(1, 1, 19, 20)",1131,"(2, 2, 49, 68)",1387,"(3, 3, 68, 85)",1045,"(4, 4, 111, 157)",1036,"(5, 5, 211, 311)",112,"(6, 5, 216, 324)"
CTU-Malware-Capture-Botnet-49_147.32.86.126,"(0, 0, 0, 0)",1812,"(1, 1, 2, 4)"
CTU-Malware-Capture-Botnet-49_147.32.85.26,"(0, 0, 0, 0)",1203,"(1, 0, 186, 32)"
CTU-Malware-Capture-Botnet-49_147.32.84.111,"(0, 0, 0, 0)",2446,"(1, 1, 433, 7)"
CTU-Malware-Capture-Botnet-49_147.32.86.110,"(0, 0, 1, 0)",3049,"(4, 4, 82, 267)"
CTU-Malware-Capture-Botnet-49_147.32.85.114,"(0, 0, 0, 0)",5133,"(1, 0, 0, 2)",7,"(2, 0, 4, 8)",3,"(3, 0, 6, 10)",6,"(4, 0, 116, 17)"
CTU-Malware-Capture-Botnet-49_147.32.85.2,"(0, 0, 0, 0)",1004,"(1, 1, 77, 8)",1,"(3, 3, 77, 9)",23,"(4, 4, 78, 9)",3,"(5, 5, 79, 9)",3,"(6, 6, 79, 9)",1904,"(8, 8, 176, 43)",1,"(9, 9, 176, 43)",23,"(10, 10, 177, 43)",2,"(11, 11, 177, 43)",4,"(12, 12, 177, 43)",1240,"(13, 12, 227, 61)"
CTU-Malware-Capture-Botnet-49_147.32.84.123,"(0, 0, 0, 0)",3717,"(2, 2, 37, 24)"
CTU-Malware-Capture-Botnet-49_147.32.86.134,"(0, 0, 0, 0)",3755,"(1, 0, 104, 232)",2,"(2, 0, 104, 232)"
CTU-Malware-Capture-Botnet-49_147.32.86.172,"(0, 0, 0, 0)",476,"(1, 1, 12, 10)",931,"(2, 2, 12, 15)",900,"(3, 3, 12, 17)",929,"(4, 4, 19, 23)",29,"(7, 7, 33, 46)"
CTU-Malware-Capture-Botnet-49_147.32.84.179,"(0, 0, 0, 0)",3206,"(1, 1, 17, 9)"
CTU-Malware-Capture-Botnet-49_147.32.85.36,"(0, 0, 0, 0)",252,"(4, 2, 3, 113)",845,"(8, 2, 11, 160)",1435,"(12, 6, 12, 238)",87,"(16, 6, 15, 280)",268,"(20, 10, 16, 302)",26,"(24, 14, 16, 302)",6,"(28, 18, 16, 303)"
CTU-Malware-Capture-Botnet-49_147.32.84.164,"(0, 0, 1, 0)",13,"(2, 2, 16, 2)",8,"(4, 4, 27, 16)",616,"(6, 6, 51, 45)",737,"(8, 8, 62, 118)",183,"(10, 10, 87, 208)",387,"(11, 11, 90, 221)"
CTU-Malware-Capture-Botnet-49_147.32.86.6,"(0, 0, 0, 0)",571,"(1, 1, 13, 17)",5,"(2, 1, 13, 20)",1,"(3, 2, 13, 21)",2,"(4, 3, 13, 22)",3,"(5, 4, 13, 23)",2269,"(6, 5, 21, 33)",2,"(7, 6, 21, 33)",5,"(8, 6, 21, 33)",2,"(9, 7, 21, 33)",2,"(10, 8, 21, 33)"
CTU-Malware-Capture-Botnet-49_147.32.85.31,"(0, 0, 0, 0)",486,"(2, 0, 3, 3)",1919,"(4, 0, 4, 5)",130,"(6, 2, 4, 6)",1791,"(8, 4, 8, 10)",5,"(10, 4, 8, 10)"
CTU-Malware-Capture-Botnet-49_147.32.84.232,"(0, 0, 0, 0)",1184,"(1, 1, 8, 1)",1799,"(2, 2, 8, 2)",1799,"(3, 3, 8, 2)"
CTU-Malware-Capture-Botnet-49_147.32.86.28,"(0, 0, 0, 0)",3933,"(1, 1, 1, 1)"
CTU-Malware-Capture-Botnet-49_147.32.86.179,"(0, 0, 0, 0)",861,"(3, 3, 63, 21)",315,"(6, 6, 91, 54)",241,"(9, 9, 107, 73)",704,"(10, 9, 171, 115)",2,"(11, 9, 171, 116)",5,"(12, 9, 172, 116)",2,"(16, 12, 175, 121)",3,"(17, 12, 176, 125)",551,"(20, 15, 204, 143)",1320,"(23, 18, 278, 169)"
CTU-Malware-Capture-Botnet-49_147.32.85.120,"(0, 0, 0, 0)",188,"(1, 0, 6, 6)",1000,"(3, 1, 14, 15)",1,"(5, 3, 14, 18)",118,"(7, 4, 18, 24)"
CTU-Malware-Capture-Botnet-49_147.32.87.38,"(0, 0, 1, 0)",1681,"(1, 1, 32, 2)"
CTU-Malware-Capture-Botnet-49_147.32.86.178,"(0, 0, 0, 0)",263,"(1, 0, 0, 1)",900,"(2, 0, 1, 1)",899,"(3, 0, 1, 2)",899,"(4, 0, 1, 2)",900,"(5, 0, 1, 2)",900,"(6, 0, 1, 2)"
CTU-Malware-Capture-Botnet-49_147.32.86.164,"(0, 0, 0, 0)",876,"(2, 2, 2, 1)",1462,"(4, 4, 9, 9)",366,"(6, 6, 10, 11)",365,"(8, 8, 10, 11)"
CTU-Malware-Capture-Botnet-49_147.32.86.182,"(0, 0, 0, 0)",3759,"(1, 1, 86, 133)",21,"(2, 2, 86, 133)",7,"(3, 3, 86, 134)"
CTU-Malware-Capture-Botnet-49_147.32.86.168,"(0, 0, 1, 1)",2038,"(4, 2, 127, 620)",1,"(8, 4, 137, 637)",15,"(12, 4, 146, 677)",1,"(14, 4, 146, 696)",531,"(16, 6, 184, 1056)",3,"(17, 6, 185, 1058)",1,"(19, 8, 185, 1058)",2,"(20, 8, 185, 1058)",346,"(22, 8, 231, 1271)",710,"(23, 9, 250, 1312)"
CTU-Malware-Capture-Botnet-49_147.32.84.168,"(0, 0, 0, 0)",1035,"(1, 1, 23, 19)"
CTU-Malware-Capture-Botnet-49_147.32.84.162,"(0, 0, 1, 0)",1853,"(2, 1, 22, 5)",131,"(3, 2, 22, 6)",2,"(4, 3, 22, 7)",1045,"(5, 4, 28, 12)",2,"(6, 5, 28, 12)"
CTU-Malware-Capture-Botnet-49_147.32.86.88,"(0, 0, 0, 0)",299,"(1, 1, 1, 1)",4501,"(2, 2, 4, 4)"
CTU-Malware-Capture-Botnet-49_147.32.84.69,"(0, 0, 0, 0)",2164,"(1, 0, 2, 3)"
CTU-Malware-Capture-Botnet-49_147.32.87.252,"(0, 0, 0, 0)",2109,"(2, 2, 19, 14)",1145,"(4, 4, 22, 19)",47,"(6, 6, 22, 19)",326,"(10, 10, 22, 19)",45,"(14, 14, 22, 19)"
CTU-Malware-Capture-Botnet-49_147.32.86.74,"(0, 0, 1, 0)",1567,"(4, 4, 20, 12)",1919,"(8, 8, 32, 19)"
CTU-Malware-Capture-Botnet-49_147.32.84.213,"(0, 0, 0, 0)",5229,"(18, 6, 2, 6)",4,"(36, 12, 2, 6)"
CTU-Malware-Capture-Botnet-49_147.32.85.46,"(0, 0, 0, 0)",4618,"(1, 0, 2, 3)"
CTU-Malware-Capture-Botnet-49_147.32.85.37,"(0, 0, 0, 0)",31,"(1, 0, 0, 1)",900,"(2, 0, 3, 7)",179,"(4, 2, 3, 8)",504,"(5, 2, 9, 57)",217,"(6, 2, 10, 74)",899,"(7, 2, 11, 74)",301,"(9, 4, 11, 75)",4,"(11, 6, 11, 75)",595,"(12, 6, 14, 88)",899,"(13, 6, 25, 152)",181,"(14, 6, 28, 156)",245,"(16, 8, 28, 173)"
CTU-Malware-Capture-Botnet-49_147.32.86.192,"(0, 0, 0, 0)",618,"(2, 1, 5, 4)",4,"(3, 2, 5, 5)",281,"(4, 2, 9, 9)",14,"(5, 2, 9, 10)",119,"(7, 3, 12, 17)",4,"(8, 4, 12, 17)",1917,"(10, 5, 15, 18)",3,"(11, 6, 15, 18)",1918,"(12, 7, 16, 20)",1,"(13, 7, 16, 20)",3,"(14, 8, 16, 20)"
CTU-Malware-Capture-Botnet-49_147.32.87.24,"(0, 0, 0, 0)",1507,"(1, 1, 1, 1)",3603,"(2, 2, 2, 2)"
CTU-Malware-Capture-Botnet-49_147.32.84.171,"(0, 0, 2, 0)",328,"(1, 0, 31, 23)",1,"(3, 0, 31, 35)",1,"(4, 0, 31, 41)",399,"(7, 0, 31, 59)",1,"(8, 0, 31, 59)",397,"(9, 0, 31, 60)",2,"(11, 0, 31, 60)",1,"(12, 0, 31, 60)",398,"(13, 0, 31, 60)",1,"(15, 0, 31, 60)",1,"(16, 0, 31, 60)",397,"(17, 0, 32, 60)",1,"(19, 0, 32, 60)",2,"(20, 0, 32, 60)",398,"(23, 0, 34, 61)",1,"(24, 0, 34, 61)",397,"(25, 0, 35, 62)",2,"(27, 0, 35, 62)",1,"(28, 0, 35, 62)",398,"(31, 0, 36, 64)",2,"(32, 0, 36, 64)",397,"(33, 0, 39, 66)",1,"(35, 0, 39, 66)",2,"(36, 0, 39, 66)",398,"(39, 0, 40, 67)",1,"(40, 0, 40, 67)",398,"(41, 0, 40, 68)",1,"(43, 0, 40, 68)",1,"(44, 0, 40, 68)",398,"(45, 0, 40, 68)",1,"(47, 0, 40, 68)",1,"(48, 0, 40, 68)",397,"(49, 0, 41, 69)",2,"(53, 0, 41, 69)",1,"(54, 0, 41, 69)"
CTU-Malware-Capture-Botnet-49_147.32.86.19,"(0, 0, 0, 0)",2193,"(1, 1, 0, 1)"
CTU-Malware-Capture-Botnet-49_147.32.86.155,"(0, 0, 1, 0)",782,"(2, 0, 88, 132)",127,"(5, 3, 129, 203)",285,"(6, 3, 150, 293)",2,"(7, 4, 150, 294)",2,"(8, 5, 150, 295)",1,"(9, 6, 150, 296)",3,"(10, 6, 150, 297)",510,"(13, 9, 151, 300)",3,"(14, 10, 152, 301)",109,"(15, 11, 154, 303)",64,"(16, 11, 155, 304)",115,"(19, 14, 156, 309)",2,"(20, 15, 156, 309)",170,"(21, 16, 156, 309)",35,"(22, 17, 156, 309)",1,"(23, 18, 156, 310)",2,"(24, 19, 156, 310)",246,"(25, 19, 169, 326)",237,"(26, 19, 174, 334)",53,"(27, 20, 174, 334)",1419,"(28, 21, 178, 335)",4,"(29, 22, 178, 335)",1,"(30, 23, 178, 335)",1,"(31, 23, 178, 335)"
CTU-Malware-Capture-Botnet-49_147.32.87.254,"(0, 0, 0, 0)",401,"(2, 0, 0, 1)",1808,"(4, 0, 3, 4)",1808,"(6, 0, 3, 4)"
CTU-Malware-Capture-Botnet-49_147.32.86.184,"(0, 0, 0, 0)",2302,"(1, 0, 8, 6)"
CTU-Malware-Capture-Botnet-49_147.32.86.223,"(0, 0, 0, 0)",191,"(1, 1, 15, 4)",60,"(2, 2, 19, 7)",31,"(3, 3, 19, 7)",102,"(6, 6, 24, 16)",15,"(9, 9, 25, 19)",783,"(10, 10, 104, 65)",655,"(11, 11, 148, 69)",1,"(14, 14, 148, 72)",153,"(15, 15, 163, 81)",900,"(16, 16, 208, 84)",733,"(17, 17, 239, 91)"
CTU-Malware-Capture-Botnet-49_147.32.86.165,"(0, 0, 0, 0)",1617,"(2, 2, 271, 263)",2,"(3, 3, 271, 264)",205,"(4, 4, 303, 337)",525,"(5, 5, 340, 358)",280,"(6, 6, 371, 367)",908,"(7, 7, 442, 390)",1,"(8, 8, 444, 390)",2,"(9, 9, 444, 390)",125,"(10, 10, 452, 390)",980,"(11, 11, 510, 443)"
CTU-Malware-Capture-Botnet-49_147.32.85.6,"(0, 0, 0, 0)",1236,"(1, 1, 6, 10)",1919,"(2, 2, 62, 236)",21,"(3, 2, 65, 296)",271,"(4, 2, 79, 332)",61,"(5, 2, 87, 354)",626,"(6, 2, 116, 470)",203,"(7, 2, 127, 491)",200,"(8, 3, 138, 504)",538,"(9, 4, 154, 570)"
CTU-Malware-Capture-Botnet-49_147.32.86.183,"(0, 0, 0, 0)",810,"(1, 0, 79, 6)",2,"(2, 0, 79, 8)"
CTU-Malware-Capture-Botnet-49_147.32.87.13,"(0, 0, 0, 0)",1596,"(1, 1, 2, 1)"
CTU-Malware-Capture-Botnet-49_147.32.86.17,"(0, 0, 0, 0)",237,"(2, 2, 36, 37)",4694,"(3, 2, 169, 214)"
CTU-Malware-Capture-Botnet-49_147.32.86.181,"(0, 0, 0, 0)",44,"(2, 2, 2, 1)",1462,"(4, 4, 4, 3)"
CTU-Malware-Capture-Botnet-49_147.32.84.216,"(0, 0, 0, 0)",420,"(4, 0, 18, 77)"
CTU-Malware-Capture-Botnet-49_147.32.86.50,"(0, 0, 0, 0)",129,"(1, 0, 27, 21)",1219,"(2, 0, 74, 107)",166,"(3, 0, 77, 118)"
CTU-Malware-Capture-Botnet-49_147.32.85.8,"(0, 0, 2, 0)",814,"(2, 0, 63, 253)",989,"(4, 0, 67, 299)",9,"(6, 0, 68, 299)",20,"(8, 0, 84, 328)",11,"(10, 0, 84, 328)",7,"(12, 0, 84, 328)",20,"(14, 0, 85, 328)",19,"(16, 0, 87, 334)",129,"(18, 0, 99, 367)",888,"(20, 2, 117, 456)"
CTU-Malware-Capture-Botnet-49_147.32.86.143,"(0, 0, 0, 0)",2030,"(1, 0, 19, 21)",287,"(2, 0, 20, 23)",7,"(3, 0, 20, 24)",2910,"(4, 0, 32, 32)",8,"(5, 0, 32, 32)"
